NodeELEC,NodeGAS,DistELEC,DistGAS,ServiceName,ApplianceName,ApplianceCount,Lifetime,isHybrid,UpgradeCostLow,UpgradeCostHigh,AverageCharge,EOLCharge,AnnualLeak,EOLLoss
36067,36067,36067,36067,hot_water,hot_water_natural_gas,148911,13,0,0,0,0,0,0,0
36067,36067,36067,36067,hot_water,hot_water_electricity,44552,15,0,0,0,0,0,0,0
36067,36067,36067,36067,hvac,hvac_natural_gas,145521,15,0,0,0,0,0,0,0
36067,36067,36067,36067,hvac,hvac_heat_pump,40678,15,0,0,0,0,0,0,0
36067,36067,36067,36067,range_oven,range_oven_natural_gas,97821,21,0,0,0,0,0,0,0
36067,36067,36067,36067,range_oven,range_oven_electricity,74334,17,0,0,0,0,0,0,0
36067,36067,36067,36067,hot_water_com,hot_water_com_natural_gas,1162,13,0,0,0,0,0,0,0
36067,36067,36067,36067,hot_water_com,hot_water_com_electricity,1569,15,0,0,0,0,0,0,0
36067,36067,36067,36067,heating_com,heating_com_natural_gas,2253,15,0,0,0,0,0,0,0
36067,36067,36067,36067,heating_com,heating_com_electricity,913,15,0,0,0,0,0,0,0
36071,36071,36071,36071,hot_water,hot_water_natural_gas,72639,13,0,0,0,0,0,0,0
36071,36071,36071,36071,hot_water,hot_water_electricity,38499,15,0,0,0,0,0,0,0
36071,36071,36071,36071,hvac,hvac_natural_gas,71913,15,0,0,0,0,0,0,0
36071,36071,36071,36071,hvac,hvac_heat_pump,15012,15,0,0,0,0,0,0,0
36071,36071,36071,36071,range_oven,range_oven_natural_gas,53511,21,0,0,0,0,0,0,0
36071,36071,36071,36071,range_oven,range_oven_electricity,59806,17,0,0,0,0,0,0,0
36071,36071,36071,36071,hot_water_com,hot_water_com_natural_gas,587,13,0,0,0,0,0,0,0
36071,36071,36071,36071,hot_water_com,hot_water_com_electricity,806,15,0,0,0,0,0,0,0
36071,36071,36071,36071,heating_com,heating_com_natural_gas,909,15,0,0,0,0,0,0,0
36071,36071,36071,36071,heating_com,heating_com_electricity,380,15,0,0,0,0,0,0,0
36017,36017,36017,36017,hot_water,hot_water_natural_gas,5327,13,0,0,0,0,0,0,0
36017,36017,36017,36017,hot_water,hot_water_electricity,10896,15,0,0,0,0,0,0,0
36017,36017,36017,36017,hvac,hvac_natural_gas,2421,15,0,0,0,0,0,0,0
36017,36017,36017,36017,hvac,hvac_heat_pump,4600,15,0,0,0,0,0,0,0
36017,36017,36017,36017,range_oven,range_oven_natural_gas,969,21,0,0,0,0,0,0,0
36017,36017,36017,36017,range_oven,range_oven_electricity,11138,17,0,0,0,0,0,0,0
36017,36017,36017,36017,hot_water_com,hot_water_com_natural_gas,13,13,0,0,0,0,0,0,0
36017,36017,36017,36017,hot_water_com,hot_water_com_electricity,107,15,0,0,0,0,0,0,0
36017,36017,36017,36017,heating_com,heating_com_natural_gas,39,15,0,0,0,0,0,0,0
36017,36017,36017,36017,heating_com,heating_com_electricity,50,15,0,0,0,0,0,0,0
25001,25001,25001,25001,hot_water,hot_water_natural_gas,88378,13,0,0,0,0,0,0,0
25001,25001,25001,25001,hot_water,hot_water_electricity,35593,15,0,0,0,0,0,0,0
25001,25001,25001,25001,hvac,hvac_natural_gas,92010,15,0,0,0,0,0,0,0
25001,25001,25001,25001,hvac,hvac_heat_pump,15981,15,0,0,0,0,0,0,0
25001,25001,25001,25001,range_oven,range_oven_natural_gas,35593,21,0,0,0,0,0,0,0
25001,25001,25001,25001,range_oven,range_oven_electricity,45278,17,0,0,0,0,0,0,0
25001,25001,25001,25001,hot_water_com,hot_water_com_natural_gas,494,13,0,0,0,0,0,0,0
25001,25001,25001,25001,hot_water_com,hot_water_com_electricity,950,15,0,0,0,0,0,0,0
25001,25001,25001,25001,heating_com,heating_com_natural_gas,752,15,0,0,0,0,0,0,0
25001,25001,25001,25001,heating_com,heating_com_electricity,526,15,0,0,0,0,0,0,0
25013,25013,25013,25013,hot_water,hot_water_natural_gas,101937,13,0,0,0,0,0,0,0
25013,25013,25013,25013,hot_water,hot_water_electricity,56659,15,0,0,0,0,0,0,0
25013,25013,25013,25013,hvac,hvac_natural_gas,101937,15,0,0,0,0,0,0,0
25013,25013,25013,25013,hvac,hvac_heat_pump,39225,15,0,0,0,0,0,0,0
25013,25013,25013,25013,range_oven,range_oven_natural_gas,73850,21,0,0,0,0,0,0,0
25013,25013,25013,25013,range_oven,range_oven_electricity,91283,17,0,0,0,0,0,0,0
25013,25013,25013,25013,hot_water_com,hot_water_com_natural_gas,573,13,0,0,0,0,0,0,0
25013,25013,25013,25013,hot_water_com,hot_water_com_electricity,1155,15,0,0,0,0,0,0,0
25013,25013,25013,25013,heating_com,heating_com_natural_gas,717,15,0,0,0,0,0,0,0
25013,25013,25013,25013,heating_com,heating_com_electricity,736,15,0,0,0,0,0,0,0
34011,34011,34011,34011,hot_water,hot_water_natural_gas,36078,13,0,0,0,0,0,0,0
34011,34011,34011,34011,hot_water,hot_water_electricity,12833,15,0,0,0,0,0,0,0
34011,34011,34011,34011,hvac,hvac_natural_gas,35835,15,0,0,0,0,0,0,0
34011,34011,34011,34011,hvac,hvac_heat_pump,6780,15,0,0,0,0,0,0,0
34011,34011,34011,34011,range_oven,range_oven_natural_gas,24213,21,0,0,0,0,0,0,0
34011,34011,34011,34011,range_oven,range_oven_electricity,22276,17,0,0,0,0,0,0,0
34011,34011,34011,34011,hot_water_com,hot_water_com_natural_gas,210,13,0,0,0,0,0,0,0
34011,34011,34011,34011,hot_water_com,hot_water_com_electricity,376,15,0,0,0,0,0,0,0
34011,34011,34011,34011,heating_com,heating_com_natural_gas,326,15,0,0,0,0,0,0,0
34011,34011,34011,34011,heating_com,heating_com_electricity,267,15,0,0,0,0,0,0,0
34041,34041,34041,34041,hot_water,hot_water_natural_gas,22034,13,0,0,0,0,0,0,0
34041,34041,34041,34041,hot_water,hot_water_electricity,12591,15,0,0,0,0,0,0,0
34041,34041,34041,34041,hvac,hvac_natural_gas,21065,15,0,0,0,0,0,0,0
34041,34041,34041,34041,hvac,hvac_heat_pump,4600,15,0,0,0,0,0,0,0
34041,34041,34041,34041,range_oven,range_oven_natural_gas,15254,21,0,0,0,0,0,0,0
34041,34041,34041,34041,range_oven,range_oven_electricity,20823,17,0,0,0,0,0,0,0
34041,34041,34041,34041,hot_water_com,hot_water_com_natural_gas,206,13,0,0,0,0,0,0,0
34041,34041,34041,34041,hot_water_com,hot_water_com_electricity,304,15,0,0,0,0,0,0,0
34041,34041,34041,34041,heating_com,heating_com_natural_gas,306,15,0,0,0,0,0,0,0
34041,34041,34041,34041,heating_com,heating_com_electricity,167,15,0,0,0,0,0,0,0
34005,34005,34005,34005,hot_water,hot_water_natural_gas,123729,13,0,0,0,0,0,0,0
34005,34005,34005,34005,hot_water,hot_water_electricity,41162,15,0,0,0,0,0,0,0
34005,34005,34005,34005,hvac,hvac_natural_gas,125182,15,0,0,0,0,0,0,0
34005,34005,34005,34005,hvac,hvac_heat_pump,31719,15,0,0,0,0,0,0,0
34005,34005,34005,34005,range_oven,range_oven_natural_gas,87894,21,0,0,0,0,0,0,0
34005,34005,34005,34005,range_oven,range_oven_electricity,70702,17,0,0,0,0,0,0,0
34005,34005,34005,34005,hot_water_com,hot_water_com_natural_gas,839,13,0,0,0,0,0,0,0
34005,34005,34005,34005,hot_water_com,hot_water_com_electricity,1121,15,0,0,0,0,0,0,0
34005,34005,34005,34005,heating_com,heating_com_natural_gas,1442,15,0,0,0,0,0,0,0
34005,34005,34005,34005,heating_com,heating_com_electricity,615,15,0,0,0,0,0,0,0
34023,34023,34023,34023,hot_water,hot_water_natural_gas,238257,13,0,0,0,0,0,0,0
34023,34023,34023,34023,hot_water,hot_water_electricity,49637,15,0,0,0,0,0,0,0
34023,34023,34023,34023,hvac,hvac_natural_gas,252301,15,0,0,0,0,0,0,0
34023,34023,34023,34023,hvac,hvac_heat_pump,33898,15,0,0,0,0,0,0,0
34023,34023,34023,34023,range_oven,range_oven_natural_gas,167070,21,0,0,0,0,0,0,0
34023,34023,34023,34023,range_oven,range_oven_electricity,107022,17,0,0,0,0,0,0,0
34023,34023,34023,34023,hot_water_com,hot_water_com_natural_gas,1658,13,0,0,0,0,0,0,0
34023,34023,34023,34023,hot_water_com,hot_water_com_electricity,2113,15,0,0,0,0,0,0,0
34023,34023,34023,34023,heating_com,heating_com_natural_gas,3208,15,0,0,0,0,0,0,0
34023,34023,34023,34023,heating_com,heating_com_electricity,1025,15,0,0,0,0,0,0,0
42045,42045,42045,42045,hot_water,hot_water_natural_gas,140436,13,0,0,0,0,0,0,0
42045,42045,42045,42045,hot_water,hot_water_electricity,52542,15,0,0,0,0,0,0,0
42045,42045,42045,42045,hvac,hvac_natural_gas,139467,15,0,0,0,0,0,0,0
42045,42045,42045,42045,hvac,hvac_heat_pump,42857,15,0,0,0,0,0,0,0
42045,42045,42045,42045,range_oven,range_oven_natural_gas,98547,21,0,0,0,0,0,0,0
42045,42045,42045,42045,range_oven,range_oven_electricity,94189,17,0,0,0,0,0,0,0
42045,42045,42045,42045,hot_water_com,hot_water_com_natural_gas,968,13,0,0,0,0,0,0,0
42045,42045,42045,42045,hot_water_com,hot_water_com_electricity,1373,15,0,0,0,0,0,0,0
42045,42045,42045,42045,heating_com,heating_com_natural_gas,1601,15,0,0,0,0,0,0,0
42045,42045,42045,42045,heating_com,heating_com_electricity,760,15,0,0,0,0,0,0,0
42049,42049,42049,42049,hot_water,hot_water_natural_gas,92736,13,0,0,0,0,0,0,0
42049,42049,42049,42049,hot_water,hot_water_electricity,20339,15,0,0,0,0,0,0,0
42049,42049,42049,42049,hvac,hvac_natural_gas,94431,15,0,0,0,0,0,0,0
42049,42049,42049,42049,hvac,hvac_heat_pump,13559,15,0,0,0,0,0,0,0
42049,42049,42049,42049,range_oven,range_oven_natural_gas,60291,21,0,0,0,0,0,0,0
42049,42049,42049,42049,range_oven,range_oven_electricity,45763,17,0,0,0,0,0,0,0
42049,42049,42049,42049,hot_water_com,hot_water_com_natural_gas,805,13,0,0,0,0,0,0,0
42049,42049,42049,42049,hot_water_com,hot_water_com_electricity,860,15,0,0,0,0,0,0,0
42049,42049,42049,42049,heating_com,heating_com_natural_gas,1376,15,0,0,0,0,0,0,0
42049,42049,42049,42049,heating_com,heating_com_electricity,389,15,0,0,0,0,0,0,0
42059,42059,42059,42059,hot_water,hot_water_natural_gas,7748,13,0,0,0,0,0,0,0
42059,42059,42059,42059,hot_water,hot_water_electricity,5811,15,0,0,0,0,0,0,0
42059,42059,42059,42059,hvac,hvac_natural_gas,8959,15,0,0,0,0,0,0,0
42059,42059,42059,42059,hvac,hvac_heat_pump,3632,15,0,0,0,0,0,0,0
42059,42059,42059,42059,range_oven,range_oven_natural_gas,5327,21,0,0,0,0,0,0,0
42059,42059,42059,42059,range_oven,range_oven_electricity,6295,17,0,0,0,0,0,0,0
42059,42059,42059,42059,hot_water_com,hot_water_com_natural_gas,38,13,0,0,0,0,0,0,0
42059,42059,42059,42059,hot_water_com,hot_water_com_electricity,49,15,0,0,0,0,0,0,0
42059,42059,42059,42059,heating_com,heating_com_natural_gas,62,15,0,0,0,0,0,0,0
42059,42059,42059,42059,heating_com,heating_com_electricity,20,15,0,0,0,0,0,0,0
25015,25015,25015,25015,hot_water,hot_water_natural_gas,19128,13,0,0,0,0,0,0,0
25015,25015,25015,25015,hot_water,hot_water_electricity,20339,15,0,0,0,0,0,0,0
25015,25015,25015,25015,hvac,hvac_natural_gas,15254,15,0,0,0,0,0,0,0
25015,25015,25015,25015,hvac,hvac_heat_pump,11864,15,0,0,0,0,0,0,0
25015,25015,25015,25015,range_oven,range_oven_natural_gas,12833,21,0,0,0,0,0,0,0
25015,25015,25015,25015,range_oven,range_oven_electricity,40436,17,0,0,0,0,0,0,0
25015,25015,25015,25015,hot_water_com,hot_water_com_natural_gas,102,13,0,0,0,0,0,0,0
25015,25015,25015,25015,hot_water_com,hot_water_com_electricity,421,15,0,0,0,0,0,0,0
25015,25015,25015,25015,heating_com,heating_com_natural_gas,111,15,0,0,0,0,0,0,0
25015,25015,25015,25015,heating_com,heating_com_electricity,209,15,0,0,0,0,0,0,0
36053,36053,36053,36053,hot_water,hot_water_natural_gas,15496,13,0,0,0,0,0,0,0
36053,36053,36053,36053,hot_water,hot_water_electricity,10170,15,0,0,0,0,0,0,0
36053,36053,36053,36053,hvac,hvac_natural_gas,16707,15,0,0,0,0,0,0,0
36053,36053,36053,36053,hvac,hvac_heat_pump,2906,15,0,0,0,0,0,0,0
36053,36053,36053,36053,range_oven,range_oven_natural_gas,12349,21,0,0,0,0,0,0,0
36053,36053,36053,36053,range_oven,range_oven_electricity,10896,17,0,0,0,0,0,0,0
36053,36053,36053,36053,hot_water_com,hot_water_com_natural_gas,103,13,0,0,0,0,0,0,0
36053,36053,36053,36053,hot_water_com,hot_water_com_electricity,124,15,0,0,0,0,0,0,0
36053,36053,36053,36053,heating_com,heating_com_natural_gas,133,15,0,0,0,0,0,0,0
36053,36053,36053,36053,heating_com,heating_com_electricity,92,15,0,0,0,0,0,0,0
36077,36077,36077,36077,hot_water,hot_water_natural_gas,7748,13,0,0,0,0,0,0,0
36077,36077,36077,36077,hot_water,hot_water_electricity,10896,15,0,0,0,0,0,0,0
36077,36077,36077,36077,hvac,hvac_natural_gas,3874,15,0,0,0,0,0,0,0
36077,36077,36077,36077,hvac,hvac_heat_pump,3390,15,0,0,0,0,0,0,0
36077,36077,36077,36077,range_oven,range_oven_natural_gas,4843,21,0,0,0,0,0,0,0
36077,36077,36077,36077,range_oven,range_oven_electricity,13801,17,0,0,0,0,0,0,0
36077,36077,36077,36077,hot_water_com,hot_water_com_natural_gas,86,13,0,0,0,0,0,0,0
36077,36077,36077,36077,hot_water_com,hot_water_com_electricity,267,15,0,0,0,0,0,0,0
36077,36077,36077,36077,heating_com,heating_com_natural_gas,105,15,0,0,0,0,0,0,0
36077,36077,36077,36077,heating_com,heating_com_electricity,147,15,0,0,0,0,0,0,0
36051,36051,36051,36051,hot_water,hot_water_natural_gas,13075,13,0,0,0,0,0,0,0
36051,36051,36051,36051,hot_water,hot_water_electricity,10170,15,0,0,0,0,0,0,0
36051,36051,36051,36051,hvac,hvac_natural_gas,12107,15,0,0,0,0,0,0,0
36051,36051,36051,36051,hvac,hvac_heat_pump,5085,15,0,0,0,0,0,0,0
36051,36051,36051,36051,range_oven,range_oven_natural_gas,8232,21,0,0,0,0,0,0,0
36051,36051,36051,36051,range_oven,range_oven_electricity,10896,17,0,0,0,0,0,0,0
36051,36051,36051,36051,hot_water_com,hot_water_com_natural_gas,60,13,0,0,0,0,0,0,0
36051,36051,36051,36051,hot_water_com,hot_water_com_electricity,136,15,0,0,0,0,0,0,0
36051,36051,36051,36051,heating_com,heating_com_natural_gas,106,15,0,0,0,0,0,0,0
36051,36051,36051,36051,heating_com,heating_com_electricity,66,15,0,0,0,0,0,0,0
42071,42071,42071,42071,hot_water,hot_water_natural_gas,78935,13,0,0,0,0,0,0,0
42071,42071,42071,42071,hot_water,hot_water_electricity,91768,15,0,0,0,0,0,0,0
42071,42071,42071,42071,hvac,hvac_natural_gas,68039,15,0,0,0,0,0,0,0
42071,42071,42071,42071,hvac,hvac_heat_pump,73850,15,0,0,0,0,0,0,0
42071,42071,42071,42071,range_oven,range_oven_natural_gas,61017,21,0,0,0,0,0,0,0
42071,42071,42071,42071,range_oven,range_oven_electricity,109685,17,0,0,0,0,0,0,0
42071,42071,42071,42071,hot_water_com,hot_water_com_natural_gas,492,13,0,0,0,0,0,0,0
42071,42071,42071,42071,hot_water_com,hot_water_com_electricity,1192,15,0,0,0,0,0,0,0
42071,42071,42071,42071,heating_com,heating_com_natural_gas,502,15,0,0,0,0,0,0,0
42071,42071,42071,42071,heating_com,heating_com_electricity,1251,15,0,0,0,0,0,0,0
42043,42043,42043,42043,hot_water,hot_water_natural_gas,51332,13,0,0,0,0,0,0,0
42043,42043,42043,42043,hot_water,hot_water_electricity,49395,15,0,0,0,0,0,0,0
42043,42043,42043,42043,hvac,hvac_natural_gas,45036,15,0,0,0,0,0,0,0
42043,42043,42043,42043,hvac,hvac_heat_pump,45036,15,0,0,0,0,0,0,0
42043,42043,42043,42043,range_oven,range_oven_natural_gas,33172,21,0,0,0,0,0,0,0
42043,42043,42043,42043,range_oven,range_oven_electricity,63438,17,0,0,0,0,0,0,0
42043,42043,42043,42043,hot_water_com,hot_water_com_natural_gas,519,13,0,0,0,0,0,0,0
42043,42043,42043,42043,hot_water_com,hot_water_com_electricity,1047,15,0,0,0,0,0,0,0
42043,42043,42043,42043,heating_com,heating_com_natural_gas,491,15,0,0,0,0,0,0,0
42043,42043,42043,42043,heating_com,heating_com_electricity,956,15,0,0,0,0,0,0,0
42067,42067,42067,42067,hot_water,hot_water_natural_gas,1937,13,0,0,0,0,0,0,0
42067,42067,42067,42067,hot_water,hot_water_electricity,6053,15,0,0,0,0,0,0,0
42067,42067,42067,42067,hvac,hvac_natural_gas,1211,15,0,0,0,0,0,0,0
42067,42067,42067,42067,hvac,hvac_heat_pump,2663,15,0,0,0,0,0,0,0
42067,42067,42067,42067,range_oven,range_oven_natural_gas,969,21,0,0,0,0,0,0,0
42067,42067,42067,42067,range_oven,range_oven_electricity,5811,17,0,0,0,0,0,0,0
42067,42067,42067,42067,hot_water_com,hot_water_com_natural_gas,15,13,0,0,0,0,0,0,0
42067,42067,42067,42067,hot_water_com,hot_water_com_electricity,58,15,0,0,0,0,0,0,0
42067,42067,42067,42067,heating_com,heating_com_natural_gas,15,15,0,0,0,0,0,0,0
42067,42067,42067,42067,heating_com,heating_com_electricity,47,15,0,0,0,0,0,0,0
42027,42027,42027,42027,hot_water,hot_water_natural_gas,21792,13,0,0,0,0,0,0,0
42027,42027,42027,42027,hot_water,hot_water_electricity,30509,15,0,0,0,0,0,0,0
42027,42027,42027,42027,hvac,hvac_natural_gas,15496,15,0,0,0,0,0,0,0
42027,42027,42027,42027,hvac,hvac_heat_pump,28814,15,0,0,0,0,0,0,0
42027,42027,42027,42027,range_oven,range_oven_natural_gas,12349,21,0,0,0,0,0,0,0
42027,42027,42027,42027,range_oven,range_oven_electricity,38741,17,0,0,0,0,0,0,0
42027,42027,42027,42027,hot_water_com,hot_water_com_natural_gas,159,13,0,0,0,0,0,0,0
42027,42027,42027,42027,hot_water_com,hot_water_com_electricity,445,15,0,0,0,0,0,0,0
42027,42027,42027,42027,heating_com,heating_com_natural_gas,172,15,0,0,0,0,0,0,0
42027,42027,42027,42027,heating_com,heating_com_electricity,404,15,0,0,0,0,0,0,0
42035,42035,42035,42035,hot_water,hot_water_natural_gas,5085,13,0,0,0,0,0,0,0
42035,42035,42035,42035,hot_water,hot_water_electricity,9685,15,0,0,0,0,0,0,0
42035,42035,42035,42035,hvac,hvac_natural_gas,5569,15,0,0,0,0,0,0,0
42035,42035,42035,42035,hvac,hvac_heat_pump,4600,15,0,0,0,0,0,0,0
42035,42035,42035,42035,range_oven,range_oven_natural_gas,4116,21,0,0,0,0,0,0,0
42035,42035,42035,42035,range_oven,range_oven_electricity,8959,17,0,0,0,0,0,0,0
42035,42035,42035,42035,hot_water_com,hot_water_com_natural_gas,65,13,0,0,0,0,0,0,0
42035,42035,42035,42035,hot_water_com,hot_water_com_electricity,199,15,0,0,0,0,0,0,0
42035,42035,42035,42035,heating_com,heating_com_natural_gas,67,15,0,0,0,0,0,0,0
42035,42035,42035,42035,heating_com,heating_com_electricity,175,15,0,0,0,0,0,0,0
42063,42063,42063,42063,hot_water,hot_water_natural_gas,23971,13,0,0,0,0,0,0,0
42063,42063,42063,42063,hot_water,hot_water_electricity,9685,15,0,0,0,0,0,0,0
42063,42063,42063,42063,hvac,hvac_natural_gas,23487,15,0,0,0,0,0,0,0
42063,42063,42063,42063,hvac,hvac_heat_pump,5569,15,0,0,0,0,0,0,0
42063,42063,42063,42063,range_oven,range_oven_natural_gas,14770,21,0,0,0,0,0,0,0
42063,42063,42063,42063,range_oven,range_oven_electricity,15496,17,0,0,0,0,0,0,0
42063,42063,42063,42063,hot_water_com,hot_water_com_natural_gas,125,13,0,0,0,0,0,0,0
42063,42063,42063,42063,hot_water_com,hot_water_com_electricity,167,15,0,0,0,0,0,0,0
42063,42063,42063,42063,heating_com,heating_com_natural_gas,205,15,0,0,0,0,0,0,0
42063,42063,42063,42063,heating_com,heating_com_electricity,88,15,0,0,0,0,0,0,0
42099,42099,42099,42099,hot_water,hot_water_natural_gas,5569,13,0,0,0,0,0,0,0
42099,42099,42099,42099,hot_water,hot_water_electricity,9443,15,0,0,0,0,0,0,0
42099,42099,42099,42099,hvac,hvac_natural_gas,3632,15,0,0,0,0,0,0,0
42099,42099,42099,42099,hvac,hvac_heat_pump,5569,15,0,0,0,0,0,0,0
42099,42099,42099,42099,range_oven,range_oven_natural_gas,3148,21,0,0,0,0,0,0,0
42099,42099,42099,42099,range_oven,range_oven_electricity,10896,17,0,0,0,0,0,0,0
42099,42099,42099,42099,hot_water_com,hot_water_com_natural_gas,6,13,0,0,0,0,0,0,0
42099,42099,42099,42099,hot_water_com,hot_water_com_electricity,83,15,0,0,0,0,0,0,0
42099,42099,42099,42099,heating_com,heating_com_natural_gas,7,15,0,0,0,0,0,0,0
42099,42099,42099,42099,heating_com,heating_com_electricity,64,15,0,0,0,0,0,0,0
9110,9110,9110,9110,hot_water,hot_water_natural_gas,191768,13,0,0,0,0,0,0,0
9110,9110,9110,9110,hot_water,hot_water_electricity,101211,15,0,0,0,0,0,0,0
9110,9110,9110,9110,hvac,hvac_natural_gas,186683,15,0,0,0,0,0,0,0
9110,9110,9110,9110,hvac,hvac_heat_pump,56659,15,0,0,0,0,0,0,0
9110,9110,9110,9110,range_oven,range_oven_natural_gas,122276,21,0,0,0,0,0,0,0
9110,9110,9110,9110,range_oven,range_oven_electricity,195642,17,0,0,0,0,0,0,0
9110,9110,9110,9110,hot_water_com,hot_water_com_natural_gas,1576,13,0,0,0,0,0,0,0
9110,9110,9110,9110,hot_water_com,hot_water_com_electricity,2730,15,0,0,0,0,0,0,0
9110,9110,9110,9110,heating_com,heating_com_natural_gas,2229,15,0,0,0,0,0,0,0
9110,9110,9110,9110,heating_com,heating_com_electricity,1499,15,0,0,0,0,0,0,0
42051,42051,42051,42051,hot_water,hot_water_natural_gas,31719,13,0,0,0,0,0,0,0
42051,42051,42051,42051,hot_water,hot_water_electricity,19128,15,0,0,0,0,0,0,0
42051,42051,42051,42051,hvac,hvac_natural_gas,29540,15,0,0,0,0,0,0,0
42051,42051,42051,42051,hvac,hvac_heat_pump,11622,15,0,0,0,0,0,0,0
42051,42051,42051,42051,range_oven,range_oven_natural_gas,16223,21,0,0,0,0,0,0,0
42051,42051,42051,42051,range_oven,range_oven_electricity,32688,17,0,0,0,0,0,0,0
42051,42051,42051,42051,hot_water_com,hot_water_com_natural_gas,246,13,0,0,0,0,0,0,0
42051,42051,42051,42051,hot_water_com,hot_water_com_electricity,334,15,0,0,0,0,0,0,0
42051,42051,42051,42051,heating_com,heating_com_natural_gas,328,15,0,0,0,0,0,0,0
42051,42051,42051,42051,heating_com,heating_com_electricity,210,15,0,0,0,0,0,0,0
42055,42055,42055,42055,hot_water,hot_water_natural_gas,19370,13,0,0,0,0,0,0,0
42055,42055,42055,42055,hot_water,hot_water_electricity,32203,15,0,0,0,0,0,0,0
42055,42055,42055,42055,hvac,hvac_natural_gas,15254,15,0,0,0,0,0,0,0
42055,42055,42055,42055,hvac,hvac_heat_pump,28087,15,0,0,0,0,0,0,0
42055,42055,42055,42055,range_oven,range_oven_natural_gas,12591,21,0,0,0,0,0,0,0
42055,42055,42055,42055,range_oven,range_oven_electricity,38741,17,0,0,0,0,0,0,0
42055,42055,42055,42055,hot_water_com,hot_water_com_natural_gas,141,13,0,0,0,0,0,0,0
42055,42055,42055,42055,hot_water_com,hot_water_com_electricity,312,15,0,0,0,0,0,0,0
42055,42055,42055,42055,heating_com,heating_com_natural_gas,166,15,0,0,0,0,0,0,0
42055,42055,42055,42055,heating_com,heating_com_electricity,256,15,0,0,0,0,0,0,0
44007,44007,44007,44007,hot_water,hot_water_natural_gas,165375,13,0,0,0,0,0,0,0
44007,44007,44007,44007,hot_water,hot_water_electricity,53995,15,0,0,0,0,0,0,0
44007,44007,44007,44007,hvac,hvac_natural_gas,169976,15,0,0,0,0,0,0,0
44007,44007,44007,44007,hvac,hvac_heat_pump,26634,15,0,0,0,0,0,0,0
44007,44007,44007,44007,range_oven,range_oven_natural_gas,104601,21,0,0,0,0,0,0,0
44007,44007,44007,44007,range_oven,range_oven_electricity,115981,17,0,0,0,0,0,0,0
44007,44007,44007,44007,hot_water_com,hot_water_com_natural_gas,1420,13,0,0,0,0,0,0,0
44007,44007,44007,44007,hot_water_com,hot_water_com_electricity,2276,15,0,0,0,0,0,0,0
44007,44007,44007,44007,heating_com,heating_com_natural_gas,2187,15,0,0,0,0,0,0,0
44007,44007,44007,44007,heating_com,heating_com_electricity,848,15,0,0,0,0,0,0,0
36025,36025,36025,36025,hot_water,hot_water_natural_gas,7748,13,0,0,0,0,0,0,0
36025,36025,36025,36025,hot_water,hot_water_electricity,11864,15,0,0,0,0,0,0,0
36025,36025,36025,36025,hvac,hvac_natural_gas,5085,15,0,0,0,0,0,0,0
36025,36025,36025,36025,hvac,hvac_heat_pump,2906,15,0,0,0,0,0,0,0
36025,36025,36025,36025,range_oven,range_oven_natural_gas,5085,21,0,0,0,0,0,0,0
36025,36025,36025,36025,range_oven,range_oven_electricity,12349,17,0,0,0,0,0,0,0
36025,36025,36025,36025,hot_water_com,hot_water_com_natural_gas,28,13,0,0,0,0,0,0,0
36025,36025,36025,36025,hot_water_com,hot_water_com_electricity,104,15,0,0,0,0,0,0,0
36025,36025,36025,36025,heating_com,heating_com_natural_gas,12,15,0,0,0,0,0,0,0
36025,36025,36025,36025,heating_com,heating_com_electricity,79,15,0,0,0,0,0,0,0
36061,36061,36061,36061,hot_water,hot_water_natural_gas,476514,13,0,0,0,0,0,0,0
36061,36061,36061,36061,hot_water,hot_water_electricity,255932,15,0,0,0,0,0,0,0
36061,36061,36061,36061,hvac,hvac_natural_gas,382083,15,0,0,0,0,0,0,0
36061,36061,36061,36061,hvac,hvac_heat_pump,226392,15,0,0,0,0,0,0,0
36061,36061,36061,36061,range_oven,range_oven_natural_gas,274577,21,0,0,0,0,0,0,0
36061,36061,36061,36061,range_oven,range_oven_electricity,380146,17,0,0,0,0,0,0,0
36061,36061,36061,36061,hot_water_com,hot_water_com_natural_gas,2714,13,0,0,0,0,0,0,0
36061,36061,36061,36061,hot_water_com,hot_water_com_electricity,3208,15,0,0,0,0,0,0,0
36061,36061,36061,36061,heating_com,heating_com_natural_gas,3373,15,0,0,0,0,0,0,0
36061,36061,36061,36061,heating_com,heating_com_electricity,1085,15,0,0,0,0,0,0,0
36065,36065,36065,36065,hot_water,hot_water_natural_gas,65133,13,0,0,0,0,0,0,0
36065,36065,36065,36065,hot_water,hot_water_electricity,24213,15,0,0,0,0,0,0,0
36065,36065,36065,36065,hvac,hvac_natural_gas,64165,15,0,0,0,0,0,0,0
36065,36065,36065,36065,hvac,hvac_heat_pump,12591,15,0,0,0,0,0,0,0
36065,36065,36065,36065,range_oven,range_oven_natural_gas,40194,21,0,0,0,0,0,0,0
36065,36065,36065,36065,range_oven,range_oven_electricity,38015,17,0,0,0,0,0,0,0
36065,36065,36065,36065,hot_water_com,hot_water_com_natural_gas,581,13,0,0,0,0,0,0,0
36065,36065,36065,36065,hot_water_com,hot_water_com_electricity,904,15,0,0,0,0,0,0,0
36065,36065,36065,36065,heating_com,heating_com_natural_gas,840,15,0,0,0,0,0,0,0
36065,36065,36065,36065,heating_com,heating_com_electricity,439,15,0,0,0,0,0,0,0
36115,36115,36115,36115,hot_water,hot_water_natural_gas,10170,13,0,0,0,0,0,0,0
36115,36115,36115,36115,hot_water,hot_water_electricity,11138,15,0,0,0,0,0,0,0
36115,36115,36115,36115,hvac,hvac_natural_gas,8717,15,0,0,0,0,0,0,0
36115,36115,36115,36115,hvac,hvac_heat_pump,4116,15,0,0,0,0,0,0,0
36115,36115,36115,36115,range_oven,range_oven_natural_gas,7264,21,0,0,0,0,0,0,0
36115,36115,36115,36115,range_oven,range_oven_electricity,12107,17,0,0,0,0,0,0,0
36115,36115,36115,36115,hot_water_com,hot_water_com_natural_gas,140,13,0,0,0,0,0,0,0
36115,36115,36115,36115,hot_water_com,hot_water_com_electricity,210,15,0,0,0,0,0,0,0
36115,36115,36115,36115,heating_com,heating_com_natural_gas,175,15,0,0,0,0,0,0,0
36115,36115,36115,36115,heating_com,heating_com_electricity,102,15,0,0,0,0,0,0,0
36009,36009,36009,36009,hot_water,hot_water_natural_gas,20097,13,0,0,0,0,0,0,0
36009,36009,36009,36009,hot_water,hot_water_electricity,12107,15,0,0,0,0,0,0,0
36009,36009,36009,36009,hvac,hvac_natural_gas,19613,15,0,0,0,0,0,0,0
36009,36009,36009,36009,hvac,hvac_heat_pump,5085,15,0,0,0,0,0,0,0
36009,36009,36009,36009,range_oven,range_oven_natural_gas,11864,21,0,0,0,0,0,0,0
36009,36009,36009,36009,range_oven,range_oven_electricity,12591,17,0,0,0,0,0,0,0
36009,36009,36009,36009,hot_water_com,hot_water_com_natural_gas,145,13,0,0,0,0,0,0,0
36009,36009,36009,36009,hot_water_com,hot_water_com_electricity,233,15,0,0,0,0,0,0,0
36009,36009,36009,36009,heating_com,heating_com_natural_gas,204,15,0,0,0,0,0,0,0
36009,36009,36009,36009,heating_com,heating_com_electricity,117,15,0,0,0,0,0,0,0
25025,25025,25025,25025,hot_water,hot_water_natural_gas,207264,13,0,0,0,0,0,0,0
25025,25025,25025,25025,hot_water,hot_water_electricity,89831,15,0,0,0,0,0,0,0
25025,25025,25025,25025,hvac,hvac_natural_gas,194431,15,0,0,0,0,0,0,0
25025,25025,25025,25025,hvac,hvac_heat_pump,91768,15,0,0,0,0,0,0,0
25025,25025,25025,25025,range_oven,range_oven_natural_gas,132204,21,0,0,0,0,0,0,0
25025,25025,25025,25025,range_oven,range_oven_electricity,143584,17,0,0,0,0,0,0,0
25025,25025,25025,25025,hot_water_com,hot_water_com_natural_gas,1089,13,0,0,0,0,0,0,0
25025,25025,25025,25025,hot_water_com,hot_water_com_electricity,1694,15,0,0,0,0,0,0,0
25025,25025,25025,25025,heating_com,heating_com_natural_gas,1691,15,0,0,0,0,0,0,0
25025,25025,25025,25025,heating_com,heating_com_electricity,790,15,0,0,0,0,0,0,0
25005,25005,25005,25005,hot_water,hot_water_natural_gas,130993,13,0,0,0,0,0,0,0
25005,25005,25005,25005,hot_water,hot_water_electricity,54479,15,0,0,0,0,0,0,0
25005,25005,25005,25005,hvac,hvac_natural_gas,138015,15,0,0,0,0,0,0,0
25005,25005,25005,25005,hvac,hvac_heat_pump,25424,15,0,0,0,0,0,0,0
25005,25005,25005,25005,range_oven,range_oven_natural_gas,86441,21,0,0,0,0,0,0,0
25005,25005,25005,25005,range_oven,range_oven_electricity,108475,17,0,0,0,0,0,0,0
25005,25005,25005,25005,hot_water_com,hot_water_com_natural_gas,748,13,0,0,0,0,0,0,0
25005,25005,25005,25005,hot_water_com,hot_water_com_electricity,1553,15,0,0,0,0,0,0,0
25005,25005,25005,25005,heating_com,heating_com_natural_gas,1111,15,0,0,0,0,0,0,0
25005,25005,25005,25005,heating_com,heating_com_electricity,756,15,0,0,0,0,0,0,0
34009,34009,34009,34009,hot_water,hot_water_natural_gas,65133,13,0,0,0,0,0,0,0
34009,34009,34009,34009,hot_water,hot_water_electricity,24939,15,0,0,0,0,0,0,0
34009,34009,34009,34009,hvac,hvac_natural_gas,67797,15,0,0,0,0,0,0,0
34009,34009,34009,34009,hvac,hvac_heat_pump,19370,15,0,0,0,0,0,0,0
34009,34009,34009,34009,range_oven,range_oven_natural_gas,21308,21,0,0,0,0,0,0,0
34009,34009,34009,34009,range_oven,range_oven_electricity,17918,17,0,0,0,0,0,0,0
34009,34009,34009,34009,hot_water_com,hot_water_com_natural_gas,288,13,0,0,0,0,0,0,0
34009,34009,34009,34009,hot_water_com,hot_water_com_electricity,361,15,0,0,0,0,0,0,0
34009,34009,34009,34009,heating_com,heating_com_natural_gas,367,15,0,0,0,0,0,0,0
34009,34009,34009,34009,heating_com,heating_com_electricity,203,15,0,0,0,0,0,0,0
34015,34015,34015,34015,hot_water,hot_water_natural_gas,86441,13,0,0,0,0,0,0,0
34015,34015,34015,34015,hot_water,hot_water_electricity,18402,15,0,0,0,0,0,0,0
34015,34015,34015,34015,hvac,hvac_natural_gas,86683,15,0,0,0,0,0,0,0
34015,34015,34015,34015,hvac,hvac_heat_pump,11138,15,0,0,0,0,0,0,0
34015,34015,34015,34015,range_oven,range_oven_natural_gas,53995,21,0,0,0,0,0,0,0
34015,34015,34015,34015,range_oven,range_oven_electricity,45036,17,0,0,0,0,0,0,0
34015,34015,34015,34015,hot_water_com,hot_water_com_natural_gas,673,13,0,0,0,0,0,0,0
34015,34015,34015,34015,hot_water_com,hot_water_com_electricity,751,15,0,0,0,0,0,0,0
34015,34015,34015,34015,heating_com,heating_com_natural_gas,1197,15,0,0,0,0,0,0,0
34015,34015,34015,34015,heating_com,heating_com_electricity,456,15,0,0,0,0,0,0,0
34003,34003,34003,34003,hot_water,hot_water_natural_gas,286199,13,0,0,0,0,0,0,0
34003,34003,34003,34003,hot_water,hot_water_electricity,55932,15,0,0,0,0,0,0,0
34003,34003,34003,34003,hvac,hvac_natural_gas,300242,15,0,0,0,0,0,0,0
34003,34003,34003,34003,hvac,hvac_heat_pump,38015,15,0,0,0,0,0,0,0
34003,34003,34003,34003,range_oven,range_oven_natural_gas,195884,21,0,0,0,0,0,0,0
34003,34003,34003,34003,range_oven,range_oven_electricity,131235,17,0,0,0,0,0,0,0
34003,34003,34003,34003,hot_water_com,hot_water_com_natural_gas,2202,13,0,0,0,0,0,0,0
34003,34003,34003,34003,hot_water_com,hot_water_com_electricity,2477,15,0,0,0,0,0,0,0
34003,34003,34003,34003,heating_com,heating_com_natural_gas,3914,15,0,0,0,0,0,0,0
34003,34003,34003,34003,heating_com,heating_com_electricity,1244,15,0,0,0,0,0,0,0
34019,34019,34019,34019,hot_water,hot_water_natural_gas,24213,13,0,0,0,0,0,0,0
34019,34019,34019,34019,hot_water,hot_water_electricity,12349,15,0,0,0,0,0,0,0
34019,34019,34019,34019,hvac,hvac_natural_gas,22276,15,0,0,0,0,0,0,0
34019,34019,34019,34019,hvac,hvac_heat_pump,5327,15,0,0,0,0,0,0,0
34019,34019,34019,34019,range_oven,range_oven_natural_gas,18402,21,0,0,0,0,0,0,0
34019,34019,34019,34019,range_oven,range_oven_electricity,22518,17,0,0,0,0,0,0,0
34019,34019,34019,34019,hot_water_com,hot_water_com_natural_gas,245,13,0,0,0,0,0,0,0
34019,34019,34019,34019,hot_water_com,hot_water_com_electricity,398,15,0,0,0,0,0,0,0
34019,34019,34019,34019,heating_com,heating_com_natural_gas,325,15,0,0,0,0,0,0,0
34019,34019,34019,34019,heating_com,heating_com_electricity,180,15,0,0,0,0,0,0,0
36045,36045,36045,36045,hot_water,hot_water_natural_gas,23002,13,0,0,0,0,0,0,0
36045,36045,36045,36045,hot_water,hot_water_electricity,21308,15,0,0,0,0,0,0,0
36045,36045,36045,36045,hvac,hvac_natural_gas,20339,15,0,0,0,0,0,0,0
36045,36045,36045,36045,hvac,hvac_heat_pump,11138,15,0,0,0,0,0,0,0
36045,36045,36045,36045,range_oven,range_oven_natural_gas,13801,21,0,0,0,0,0,0,0
36045,36045,36045,36045,range_oven,range_oven_electricity,22034,17,0,0,0,0,0,0,0
36045,36045,36045,36045,hot_water_com,hot_water_com_natural_gas,225,13,0,0,0,0,0,0,0
36045,36045,36045,36045,hot_water_com,hot_water_com_electricity,341,15,0,0,0,0,0,0,0
36045,36045,36045,36045,heating_com,heating_com_natural_gas,313,15,0,0,0,0,0,0,0
36045,36045,36045,36045,heating_com,heating_com_electricity,222,15,0,0,0,0,0,0,0
36019,36019,36019,36019,hot_water,hot_water_natural_gas,6053,13,0,0,0,0,0,0,0
36019,36019,36019,36019,hot_water,hot_water_electricity,14528,15,0,0,0,0,0,0,0
36019,36019,36019,36019,hvac,hvac_natural_gas,3632,15,0,0,0,0,0,0,0
36019,36019,36019,36019,hvac,hvac_heat_pump,7506,15,0,0,0,0,0,0,0
36019,36019,36019,36019,range_oven,range_oven_natural_gas,4358,21,0,0,0,0,0,0,0
36019,36019,36019,36019,range_oven,range_oven_electricity,14286,17,0,0,0,0,0,0,0
36019,36019,36019,36019,hot_water_com,hot_water_com_natural_gas,63,13,0,0,0,0,0,0,0
36019,36019,36019,36019,hot_water_com,hot_water_com_electricity,112,15,0,0,0,0,0,0,0
36019,36019,36019,36019,heating_com,heating_com_natural_gas,57,15,0,0,0,0,0,0,0
36019,36019,36019,36019,heating_com,heating_com_electricity,107,15,0,0,0,0,0,0,0
36031,36031,36031,36031,hot_water,hot_water_natural_gas,4843,13,0,0,0,0,0,0,0
36031,36031,36031,36031,hot_water,hot_water_electricity,9927,15,0,0,0,0,0,0,0
36031,36031,36031,36031,hvac,hvac_natural_gas,2663,15,0,0,0,0,0,0,0
36031,36031,36031,36031,hvac,hvac_heat_pump,4843,15,0,0,0,0,0,0,0
36031,36031,36031,36031,range_oven,range_oven_natural_gas,2421,21,0,0,0,0,0,0,0
36031,36031,36031,36031,range_oven,range_oven_electricity,11864,17,0,0,0,0,0,0,0
36031,36031,36031,36031,hot_water_com,hot_water_com_natural_gas,65,13,0,0,0,0,0,0,0
36031,36031,36031,36031,hot_water_com,hot_water_com_electricity,136,15,0,0,0,0,0,0,0
36031,36031,36031,36031,heating_com,heating_com_natural_gas,26,15,0,0,0,0,0,0,0
36031,36031,36031,36031,heating_com,heating_com_electricity,108,15,0,0,0,0,0,0,0
34027,34027,34027,34027,hot_water,hot_water_natural_gas,135351,13,0,0,0,0,0,0,0
34027,34027,34027,34027,hot_water,hot_water_electricity,33898,15,0,0,0,0,0,0,0
34027,34027,34027,34027,hvac,hvac_natural_gas,137288,15,0,0,0,0,0,0,0
34027,34027,34027,34027,hvac,hvac_heat_pump,17191,15,0,0,0,0,0,0,0
34027,34027,34027,34027,range_oven,range_oven_natural_gas,99516,21,0,0,0,0,0,0,0
34027,34027,34027,34027,range_oven,range_oven_electricity,70702,17,0,0,0,0,0,0,0
34027,34027,34027,34027,hot_water_com,hot_water_com_natural_gas,1054,13,0,0,0,0,0,0,0
34027,34027,34027,34027,hot_water_com,hot_water_com_electricity,1388,15,0,0,0,0,0,0,0
34027,34027,34027,34027,heating_com,heating_com_natural_gas,1855,15,0,0,0,0,0,0,0
34027,34027,34027,34027,heating_com,heating_com_electricity,560,15,0,0,0,0,0,0,0
36091,36091,36091,36091,hot_water,hot_water_natural_gas,59080,13,0,0,0,0,0,0,0
36091,36091,36091,36091,hot_water,hot_water_electricity,25182,15,0,0,0,0,0,0,0
36091,36091,36091,36091,hvac,hvac_natural_gas,58354,15,0,0,0,0,0,0,0
36091,36091,36091,36091,hvac,hvac_heat_pump,15254,15,0,0,0,0,0,0,0
36091,36091,36091,36091,range_oven,range_oven_natural_gas,39709,21,0,0,0,0,0,0,0
36091,36091,36091,36091,range_oven,range_oven_electricity,41404,17,0,0,0,0,0,0,0
36091,36091,36091,36091,hot_water_com,hot_water_com_natural_gas,562,13,0,0,0,0,0,0,0
36091,36091,36091,36091,hot_water_com,hot_water_com_electricity,692,15,0,0,0,0,0,0,0
36091,36091,36091,36091,heating_com,heating_com_natural_gas,947,15,0,0,0,0,0,0,0
36091,36091,36091,36091,heating_com,heating_com_electricity,353,15,0,0,0,0,0,0,0
42031,42031,42031,42031,hot_water,hot_water_natural_gas,14044,13,0,0,0,0,0,0,0
42031,42031,42031,42031,hot_water,hot_water_electricity,3390,15,0,0,0,0,0,0,0
42031,42031,42031,42031,hvac,hvac_natural_gas,13075,15,0,0,0,0,0,0,0
42031,42031,42031,42031,hvac,hvac_heat_pump,2663,15,0,0,0,0,0,0,0
42031,42031,42031,42031,range_oven,range_oven_natural_gas,8475,21,0,0,0,0,0,0,0
42031,42031,42031,42031,range_oven,range_oven_electricity,5569,17,0,0,0,0,0,0,0
42031,42031,42031,42031,hot_water_com,hot_water_com_natural_gas,63,13,0,0,0,0,0,0,0
42031,42031,42031,42031,hot_water_com,hot_water_com_electricity,78,15,0,0,0,0,0,0,0
42031,42031,42031,42031,heating_com,heating_com_natural_gas,95,15,0,0,0,0,0,0,0
42031,42031,42031,42031,heating_com,heating_com_electricity,52,15,0,0,0,0,0,0,0
42061,42061,42061,42061,hot_water,hot_water_natural_gas,7990,13,0,0,0,0,0,0,0
42061,42061,42061,42061,hot_water,hot_water_electricity,9443,15,0,0,0,0,0,0,0
42061,42061,42061,42061,hvac,hvac_natural_gas,7990,15,0,0,0,0,0,0,0
42061,42061,42061,42061,hvac,hvac_heat_pump,3390,15,0,0,0,0,0,0,0
42061,42061,42061,42061,range_oven,range_oven_natural_gas,7264,21,0,0,0,0,0,0,0
42061,42061,42061,42061,range_oven,range_oven_electricity,10654,17,0,0,0,0,0,0,0
42061,42061,42061,42061,hot_water_com,hot_water_com_natural_gas,63,13,0,0,0,0,0,0,0
42061,42061,42061,42061,hot_water_com,hot_water_com_electricity,59,15,0,0,0,0,0,0,0
42061,42061,42061,42061,heating_com,heating_com_natural_gas,73,15,0,0,0,0,0,0,0
42061,42061,42061,42061,heating_com,heating_com_electricity,39,15,0,0,0,0,0,0,0
25017,25017,25017,25017,hot_water,hot_water_natural_gas,379904,13,0,0,0,0,0,0,0
25017,25017,25017,25017,hot_water,hot_water_electricity,139952,15,0,0,0,0,0,0,0
25017,25017,25017,25017,hvac,hvac_natural_gas,376998,15,0,0,0,0,0,0,0
25017,25017,25017,25017,hvac,hvac_heat_pump,90315,15,0,0,0,0,0,0,0
25017,25017,25017,25017,range_oven,range_oven_natural_gas,249153,21,0,0,0,0,0,0,0
25017,25017,25017,25017,range_oven,range_oven_electricity,300969,17,0,0,0,0,0,0,0
25017,25017,25017,25017,hot_water_com,hot_water_com_natural_gas,2024,13,0,0,0,0,0,0,0
25017,25017,25017,25017,hot_water_com,hot_water_com_electricity,3325,15,0,0,0,0,0,0,0
25017,25017,25017,25017,heating_com,heating_com_natural_gas,3042,15,0,0,0,0,0,0,0
25017,25017,25017,25017,heating_com,heating_com_electricity,1921,15,0,0,0,0,0,0,0
25027,25027,25027,25027,hot_water,hot_water_natural_gas,136320,13,0,0,0,0,0,0,0
25027,25027,25027,25027,hot_water,hot_water_electricity,100727,15,0,0,0,0,0,0,0
25027,25027,25027,25027,hvac,hvac_natural_gas,116707,15,0,0,0,0,0,0,0
25027,25027,25027,25027,hvac,hvac_heat_pump,59080,15,0,0,0,0,0,0,0
25027,25027,25027,25027,range_oven,range_oven_natural_gas,89104,21,0,0,0,0,0,0,0
25027,25027,25027,25027,range_oven,range_oven_electricity,189831,17,0,0,0,0,0,0,0
25027,25027,25027,25027,hot_water_com,hot_water_com_natural_gas,807,13,0,0,0,0,0,0,0
25027,25027,25027,25027,hot_water_com,hot_water_com_electricity,1706,15,0,0,0,0,0,0,0
25027,25027,25027,25027,heating_com,heating_com_natural_gas,937,15,0,0,0,0,0,0,0
25027,25027,25027,25027,heating_com,heating_com_electricity,1200,15,0,0,0,0,0,0,0
34033,34033,34033,34033,hot_water,hot_water_natural_gas,15739,13,0,0,0,0,0,0,0
34033,34033,34033,34033,hot_water,hot_water_electricity,5811,15,0,0,0,0,0,0,0
34033,34033,34033,34033,hvac,hvac_natural_gas,14286,15,0,0,0,0,0,0,0
34033,34033,34033,34033,hvac,hvac_heat_pump,3390,15,0,0,0,0,0,0,0
34033,34033,34033,34033,range_oven,range_oven_natural_gas,11380,21,0,0,0,0,0,0,0
34033,34033,34033,34033,range_oven,range_oven_electricity,12349,17,0,0,0,0,0,0,0
34033,34033,34033,34033,hot_water_com,hot_water_com_natural_gas,99,13,0,0,0,0,0,0,0
34033,34033,34033,34033,hot_water_com,hot_water_com_electricity,155,15,0,0,0,0,0,0,0
34033,34033,34033,34033,heating_com,heating_com_natural_gas,113,15,0,0,0,0,0,0,0
34033,34033,34033,34033,heating_com,heating_com_electricity,77,15,0,0,0,0,0,0,0
34021,34021,34021,34021,hot_water,hot_water_natural_gas,111622,13,0,0,0,0,0,0,0
34021,34021,34021,34021,hot_water,hot_water_electricity,25424,15,0,0,0,0,0,0,0
34021,34021,34021,34021,hvac,hvac_natural_gas,113559,15,0,0,0,0,0,0,0
34021,34021,34021,34021,hvac,hvac_heat_pump,19855,15,0,0,0,0,0,0,0
34021,34021,34021,34021,range_oven,range_oven_natural_gas,72155,21,0,0,0,0,0,0,0
34021,34021,34021,34021,range_oven,range_oven_electricity,53027,17,0,0,0,0,0,0,0
34021,34021,34021,34021,hot_water_com,hot_water_com_natural_gas,889,13,0,0,0,0,0,0,0
34021,34021,34021,34021,hot_water_com,hot_water_com_electricity,1072,15,0,0,0,0,0,0,0
34021,34021,34021,34021,heating_com,heating_com_natural_gas,1551,15,0,0,0,0,0,0,0
34021,34021,34021,34021,heating_com,heating_com_electricity,414,15,0,0,0,0,0,0,0
36013,36013,36013,36013,hot_water,hot_water_natural_gas,43584,13,0,0,0,0,0,0,0
36013,36013,36013,36013,hot_water,hot_water_electricity,16707,15,0,0,0,0,0,0,0
36013,36013,36013,36013,hvac,hvac_natural_gas,44794,15,0,0,0,0,0,0,0
36013,36013,36013,36013,hvac,hvac_heat_pump,9927,15,0,0,0,0,0,0,0
36013,36013,36013,36013,range_oven,range_oven_natural_gas,27119,21,0,0,0,0,0,0,0
36013,36013,36013,36013,range_oven,range_oven_electricity,20823,17,0,0,0,0,0,0,0
36013,36013,36013,36013,hot_water_com,hot_water_com_natural_gas,284,13,0,0,0,0,0,0,0
36013,36013,36013,36013,hot_water_com,hot_water_com_electricity,388,15,0,0,0,0,0,0,0
36013,36013,36013,36013,heating_com,heating_com_natural_gas,384,15,0,0,0,0,0,0,0
36013,36013,36013,36013,heating_com,heating_com_electricity,172,15,0,0,0,0,0,0,0
42133,42133,42133,42133,hot_water,hot_water_natural_gas,96610,13,0,0,0,0,0,0,0
42133,42133,42133,42133,hot_water,hot_water_electricity,59564,15,0,0,0,0,0,0,0
42133,42133,42133,42133,hvac,hvac_natural_gas,96368,15,0,0,0,0,0,0,0
42133,42133,42133,42133,hvac,hvac_heat_pump,40436,15,0,0,0,0,0,0,0
42133,42133,42133,42133,range_oven,range_oven_natural_gas,67555,21,0,0,0,0,0,0,0
42133,42133,42133,42133,range_oven,range_oven_electricity,84504,17,0,0,0,0,0,0,0
42133,42133,42133,42133,hot_water_com,hot_water_com_natural_gas,642,13,0,0,0,0,0,0,0
42133,42133,42133,42133,hot_water_com,hot_water_com_electricity,929,15,0,0,0,0,0,0,0
42133,42133,42133,42133,heating_com,heating_com_natural_gas,903,15,0,0,0,0,0,0,0
42133,42133,42133,42133,heating_com,heating_com_electricity,649,15,0,0,0,0,0,0,0
42095,42095,42095,42095,hot_water,hot_water_natural_gas,50848,13,0,0,0,0,0,0,0
42095,42095,42095,42095,hot_water,hot_water_electricity,45763,15,0,0,0,0,0,0,0
42095,42095,42095,42095,hvac,hvac_natural_gas,48184,15,0,0,0,0,0,0,0
42095,42095,42095,42095,hvac,hvac_heat_pump,34867,15,0,0,0,0,0,0,0
42095,42095,42095,42095,range_oven,range_oven_natural_gas,37530,21,0,0,0,0,0,0,0
42095,42095,42095,42095,range_oven,range_oven_electricity,63438,17,0,0,0,0,0,0,0
42095,42095,42095,42095,hot_water_com,hot_water_com_natural_gas,372,13,0,0,0,0,0,0,0
42095,42095,42095,42095,hot_water_com,hot_water_com_electricity,657,15,0,0,0,0,0,0,0
42095,42095,42095,42095,heating_com,heating_com_natural_gas,377,15,0,0,0,0,0,0,0
42095,42095,42095,42095,heating_com,heating_com_electricity,580,15,0,0,0,0,0,0,0
42127,42127,42127,42127,hot_water,hot_water_natural_gas,5085,13,0,0,0,0,0,0,0
42127,42127,42127,42127,hot_water,hot_water_electricity,17191,15,0,0,0,0,0,0,0
42127,42127,42127,42127,hvac,hvac_natural_gas,2906,15,0,0,0,0,0,0,0
42127,42127,42127,42127,hvac,hvac_heat_pump,7990,15,0,0,0,0,0,0,0
42127,42127,42127,42127,range_oven,range_oven_natural_gas,3390,21,0,0,0,0,0,0,0
42127,42127,42127,42127,range_oven,range_oven_electricity,14286,17,0,0,0,0,0,0,0
42127,42127,42127,42127,hot_water_com,hot_water_com_natural_gas,63,13,0,0,0,0,0,0,0
42127,42127,42127,42127,hot_water_com,hot_water_com_electricity,188,15,0,0,0,0,0,0,0
42127,42127,42127,42127,heating_com,heating_com_natural_gas,17,15,0,0,0,0,0,0,0
42127,42127,42127,42127,heating_com,heating_com_electricity,179,15,0,0,0,0,0,0,0
9170,9170,9170,9170,hot_water,hot_water_natural_gas,163923,13,0,0,0,0,0,0,0
9170,9170,9170,9170,hot_water,hot_water_electricity,105569,15,0,0,0,0,0,0,0
9170,9170,9170,9170,hvac,hvac_natural_gas,153753,15,0,0,0,0,0,0,0
9170,9170,9170,9170,hvac,hvac_heat_pump,64649,15,0,0,0,0,0,0,0
9170,9170,9170,9170,range_oven,range_oven_natural_gas,101453,21,0,0,0,0,0,0,0
9170,9170,9170,9170,range_oven,range_oven_electricity,195642,17,0,0,0,0,0,0,0
9170,9170,9170,9170,hot_water_com,hot_water_com_natural_gas,842,13,0,0,0,0,0,0,0
9170,9170,9170,9170,hot_water_com,hot_water_com_electricity,2320,15,0,0,0,0,0,0,0
9170,9170,9170,9170,heating_com,heating_com_natural_gas,1108,15,0,0,0,0,0,0,0
9170,9170,9170,9170,heating_com,heating_com_electricity,1426,15,0,0,0,0,0,0,0
42029,42029,42029,42029,hot_water,hot_water_natural_gas,76029,13,0,0,0,0,0,0,0
42029,42029,42029,42029,hot_water,hot_water_electricity,74092,15,0,0,0,0,0,0,0
42029,42029,42029,42029,hvac,hvac_natural_gas,68039,15,0,0,0,0,0,0,0
42029,42029,42029,42029,hvac,hvac_heat_pump,57869,15,0,0,0,0,0,0,0
42029,42029,42029,42029,range_oven,range_oven_natural_gas,65860,21,0,0,0,0,0,0,0
42029,42029,42029,42029,range_oven,range_oven_electricity,95400,17,0,0,0,0,0,0,0
42029,42029,42029,42029,hot_water_com,hot_water_com_natural_gas,663,13,0,0,0,0,0,0,0
42029,42029,42029,42029,hot_water_com,hot_water_com_electricity,1533,15,0,0,0,0,0,0,0
42029,42029,42029,42029,heating_com,heating_com_natural_gas,858,15,0,0,0,0,0,0,0
42029,42029,42029,42029,heating_com,heating_com_electricity,1208,15,0,0,0,0,0,0,0
36047,36047,36047,36047,hot_water,hot_water_natural_gas,788379,13,0,0,0,0,0,0,0
36047,36047,36047,36047,hot_water,hot_water_electricity,147216,15,0,0,0,0,0,0,0
36047,36047,36047,36047,hvac,hvac_natural_gas,816708,15,0,0,0,0,0,0,0
36047,36047,36047,36047,hvac,hvac_heat_pump,76029,15,0,0,0,0,0,0,0
36047,36047,36047,36047,range_oven,range_oven_natural_gas,524456,21,0,0,0,0,0,0,0
36047,36047,36047,36047,range_oven,range_oven_electricity,355448,17,0,0,0,0,0,0,0
36047,36047,36047,36047,hot_water_com,hot_water_com_natural_gas,3657,13,0,0,0,0,0,0,0
36047,36047,36047,36047,hot_water_com,hot_water_com_electricity,5131,15,0,0,0,0,0,0,0
36047,36047,36047,36047,heating_com,heating_com_natural_gas,6052,15,0,0,0,0,0,0,0
36047,36047,36047,36047,heating_com,heating_com_electricity,1891,15,0,0,0,0,0,0,0
36043,36043,36043,36043,hot_water,hot_water_natural_gas,11864,13,0,0,0,0,0,0,0
36043,36043,36043,36043,hot_water,hot_water_electricity,12591,15,0,0,0,0,0,0,0
36043,36043,36043,36043,hvac,hvac_natural_gas,12107,15,0,0,0,0,0,0,0
36043,36043,36043,36043,hvac,hvac_heat_pump,4116,15,0,0,0,0,0,0,0
36043,36043,36043,36043,range_oven,range_oven_natural_gas,9685,21,0,0,0,0,0,0,0
36043,36043,36043,36043,range_oven,range_oven_electricity,12591,17,0,0,0,0,0,0,0
36043,36043,36043,36043,hot_water_com,hot_water_com_natural_gas,78,13,0,0,0,0,0,0,0
36043,36043,36043,36043,hot_water_com,hot_water_com_electricity,177,15,0,0,0,0,0,0,0
36043,36043,36043,36043,heating_com,heating_com_natural_gas,93,15,0,0,0,0,0,0,0
36043,36043,36043,36043,heating_com,heating_com_electricity,102,15,0,0,0,0,0,0,0
34035,34035,34035,34035,hot_water,hot_water_natural_gas,103632,13,0,0,0,0,0,0,0
34035,34035,34035,34035,hot_water,hot_water_electricity,17433,15,0,0,0,0,0,0,0
34035,34035,34035,34035,hvac,hvac_natural_gas,107264,15,0,0,0,0,0,0,0
34035,34035,34035,34035,hvac,hvac_heat_pump,11622,15,0,0,0,0,0,0,0
34035,34035,34035,34035,range_oven,range_oven_natural_gas,72639,21,0,0,0,0,0,0,0
34035,34035,34035,34035,range_oven,range_oven_electricity,40920,17,0,0,0,0,0,0,0
34035,34035,34035,34035,hot_water_com,hot_water_com_natural_gas,752,13,0,0,0,0,0,0,0
34035,34035,34035,34035,hot_water_com,hot_water_com_electricity,945,15,0,0,0,0,0,0,0
34035,34035,34035,34035,heating_com,heating_com_natural_gas,1365,15,0,0,0,0,0,0,0
34035,34035,34035,34035,heating_com,heating_com_electricity,454,15,0,0,0,0,0,0,0
42091,42091,42091,42091,hot_water,hot_water_natural_gas,178935,13,0,0,0,0,0,0,0
42091,42091,42091,42091,hot_water,hot_water_electricity,106780,15,0,0,0,0,0,0,0
42091,42091,42091,42091,hvac,hvac_natural_gas,173124,15,0,0,0,0,0,0,0
42091,42091,42091,42091,hvac,hvac_heat_pump,85230,15,0,0,0,0,0,0,0
42091,42091,42091,42091,range_oven,range_oven_natural_gas,129782,21,0,0,0,0,0,0,0
42091,42091,42091,42091,range_oven,range_oven_electricity,154237,17,0,0,0,0,0,0,0
42091,42091,42091,42091,hot_water_com,hot_water_com_natural_gas,1736,13,0,0,0,0,0,0,0
42091,42091,42091,42091,hot_water_com,hot_water_com_electricity,2905,15,0,0,0,0,0,0,0
42091,42091,42091,42091,heating_com,heating_com_natural_gas,2735,15,0,0,0,0,0,0,0
42091,42091,42091,42091,heating_com,heating_com_electricity,2043,15,0,0,0,0,0,0,0
42013,42013,42013,42013,hot_water,hot_water_natural_gas,27361,13,0,0,0,0,0,0,0
42013,42013,42013,42013,hot_water,hot_water_electricity,17918,15,0,0,0,0,0,0,0
42013,42013,42013,42013,hvac,hvac_natural_gas,25666,15,0,0,0,0,0,0,0
42013,42013,42013,42013,hvac,hvac_heat_pump,9685,15,0,0,0,0,0,0,0
42013,42013,42013,42013,range_oven,range_oven_natural_gas,19128,21,0,0,0,0,0,0,0
42013,42013,42013,42013,range_oven,range_oven_electricity,23971,17,0,0,0,0,0,0,0
42013,42013,42013,42013,hot_water_com,hot_water_com_natural_gas,248,13,0,0,0,0,0,0,0
42013,42013,42013,42013,hot_water_com,hot_water_com_electricity,320,15,0,0,0,0,0,0,0
42013,42013,42013,42013,heating_com,heating_com_natural_gas,323,15,0,0,0,0,0,0,0
42013,42013,42013,42013,heating_com,heating_com_electricity,230,15,0,0,0,0,0,0,0
42033,42033,42033,42033,hot_water,hot_water_natural_gas,19128,13,0,0,0,0,0,0,0
42033,42033,42033,42033,hot_water,hot_water_electricity,11138,15,0,0,0,0,0,0,0
42033,42033,42033,42033,hvac,hvac_natural_gas,19613,15,0,0,0,0,0,0,0
42033,42033,42033,42033,hvac,hvac_heat_pump,3632,15,0,0,0,0,0,0,0
42033,42033,42033,42033,range_oven,range_oven_natural_gas,12107,21,0,0,0,0,0,0,0
42033,42033,42033,42033,range_oven,range_oven_electricity,13559,17,0,0,0,0,0,0,0
42033,42033,42033,42033,hot_water_com,hot_water_com_natural_gas,127,13,0,0,0,0,0,0,0
42033,42033,42033,42033,hot_water_com,hot_water_com_electricity,208,15,0,0,0,0,0,0,0
42033,42033,42033,42033,heating_com,heating_com_natural_gas,248,15,0,0,0,0,0,0,0
42033,42033,42033,42033,heating_com,heating_com_electricity,93,15,0,0,0,0,0,0,0
42113,42113,42113,42113,hot_water,hot_water_natural_gas,2906,13,0,0,0,0,0,0,0
42113,42113,42113,42113,hot_water,hot_water_electricity,2421,15,0,0,0,0,0,0,0
42113,42113,42113,42113,hvac,hvac_natural_gas,3148,15,0,0,0,0,0,0,0
42113,42113,42113,42113,hvac,hvac_heat_pump,0,15,0,0,0,0,0,0,0
42113,42113,42113,42113,range_oven,range_oven_natural_gas,2421,21,0,0,0,0,0,0,0
42113,42113,42113,42113,range_oven,range_oven_electricity,1937,17,0,0,0,0,0,0,0
42113,42113,42113,42113,hot_water_com,hot_water_com_natural_gas,10,13,0,0,0,0,0,0,0
42113,42113,42113,42113,hot_water_com,hot_water_com_electricity,8,15,0,0,0,0,0,0,0
42113,42113,42113,42113,heating_com,heating_com_natural_gas,6,15,0,0,0,0,0,0,0
42113,42113,42113,42113,heating_com,heating_com_electricity,13,15,0,0,0,0,0,0,0
9180,9180,9180,9180,hot_water,hot_water_natural_gas,31477,13,0,0,0,0,0,0,0
9180,9180,9180,9180,hot_water,hot_water_electricity,40436,15,0,0,0,0,0,0,0
9180,9180,9180,9180,hvac,hvac_natural_gas,19855,15,0,0,0,0,0,0,0
9180,9180,9180,9180,hvac,hvac_heat_pump,24213,15,0,0,0,0,0,0,0
9180,9180,9180,9180,range_oven,range_oven_natural_gas,20097,21,0,0,0,0,0,0,0
9180,9180,9180,9180,range_oven,range_oven_electricity,71429,17,0,0,0,0,0,0,0
9180,9180,9180,9180,hot_water_com,hot_water_com_natural_gas,273,13,0,0,0,0,0,0,0
9180,9180,9180,9180,hot_water_com,hot_water_com_electricity,1054,15,0,0,0,0,0,0,0
9180,9180,9180,9180,heating_com,heating_com_natural_gas,179,15,0,0,0,0,0,0,0
9180,9180,9180,9180,heating_com,heating_com_electricity,645,15,0,0,0,0,0,0,0
42111,42111,42111,42111,hot_water,hot_water_natural_gas,6295,13,0,0,0,0,0,0,0
42111,42111,42111,42111,hot_water,hot_water_electricity,20581,15,0,0,0,0,0,0,0
42111,42111,42111,42111,hvac,hvac_natural_gas,4843,15,0,0,0,0,0,0,0
42111,42111,42111,42111,hvac,hvac_heat_pump,9201,15,0,0,0,0,0,0,0
42111,42111,42111,42111,range_oven,range_oven_natural_gas,6780,21,0,0,0,0,0,0,0
42111,42111,42111,42111,range_oven,range_oven_electricity,17918,17,0,0,0,0,0,0,0
42111,42111,42111,42111,hot_water_com,hot_water_com_natural_gas,72,13,0,0,0,0,0,0,0
42111,42111,42111,42111,hot_water_com,hot_water_com_electricity,154,15,0,0,0,0,0,0,0
42111,42111,42111,42111,heating_com,heating_com_natural_gas,48,15,0,0,0,0,0,0,0
42111,42111,42111,42111,heating_com,heating_com_electricity,125,15,0,0,0,0,0,0,0
42101,42101,42101,42101,hot_water,hot_water_natural_gas,485231,13,0,0,0,0,0,0,0
42101,42101,42101,42101,hot_water,hot_water_electricity,150848,15,0,0,0,0,0,0,0
42101,42101,42101,42101,hvac,hvac_natural_gas,497821,15,0,0,0,0,0,0,0
42101,42101,42101,42101,hvac,hvac_heat_pump,137530,15,0,0,0,0,0,0,0
42101,42101,42101,42101,range_oven,range_oven_natural_gas,318160,21,0,0,0,0,0,0,0
42101,42101,42101,42101,range_oven,range_oven_electricity,244552,17,0,0,0,0,0,0,0
42101,42101,42101,42101,hot_water_com,hot_water_com_natural_gas,3186,13,0,0,0,0,0,0,0
42101,42101,42101,42101,hot_water_com,hot_water_com_electricity,4475,15,0,0,0,0,0,0,0
42101,42101,42101,42101,heating_com,heating_com_natural_gas,4769,15,0,0,0,0,0,0,0
42101,42101,42101,42101,heating_com,heating_com_electricity,2146,15,0,0,0,0,0,0,0
36111,36111,36111,36111,hot_water,hot_water_natural_gas,25424,13,0,0,0,0,0,0,0
36111,36111,36111,36111,hot_water,hot_water_electricity,27603,15,0,0,0,0,0,0,0
36111,36111,36111,36111,hvac,hvac_natural_gas,18160,15,0,0,0,0,0,0,0
36111,36111,36111,36111,hvac,hvac_heat_pump,10170,15,0,0,0,0,0,0,0
36111,36111,36111,36111,range_oven,range_oven_natural_gas,16223,21,0,0,0,0,0,0,0
36111,36111,36111,36111,range_oven,range_oven_electricity,42131,17,0,0,0,0,0,0,0
36111,36111,36111,36111,hot_water_com,hot_water_com_natural_gas,189,13,0,0,0,0,0,0,0
36111,36111,36111,36111,hot_water_com,hot_water_com_electricity,575,15,0,0,0,0,0,0,0
36111,36111,36111,36111,heating_com,heating_com_natural_gas,218,15,0,0,0,0,0,0,0
36111,36111,36111,36111,heating_com,heating_com_electricity,419,15,0,0,0,0,0,0,0
36081,36081,36081,36081,hot_water,hot_water_natural_gas,648669,13,0,0,0,0,0,0,0
36081,36081,36081,36081,hot_water,hot_water_electricity,125182,15,0,0,0,0,0,0,0
36081,36081,36081,36081,hvac,hvac_natural_gas,666102,15,0,0,0,0,0,0,0
36081,36081,36081,36081,hvac,hvac_heat_pump,49637,15,0,0,0,0,0,0,0
36081,36081,36081,36081,range_oven,range_oven_natural_gas,432930,21,0,0,0,0,0,0,0
36081,36081,36081,36081,range_oven,range_oven_electricity,291284,17,0,0,0,0,0,0,0
36081,36081,36081,36081,hot_water_com,hot_water_com_natural_gas,2619,13,0,0,0,0,0,0,0
36081,36081,36081,36081,hot_water_com,hot_water_com_electricity,3551,15,0,0,0,0,0,0,0
36081,36081,36081,36081,heating_com,heating_com_natural_gas,4530,15,0,0,0,0,0,0,0
36081,36081,36081,36081,heating_com,heating_com_electricity,1317,15,0,0,0,0,0,0,0
25011,25011,25011,25011,hot_water,hot_water_natural_gas,9443,13,0,0,0,0,0,0,0
25011,25011,25011,25011,hot_water,hot_water_electricity,11622,15,0,0,0,0,0,0,0
25011,25011,25011,25011,hvac,hvac_natural_gas,7022,15,0,0,0,0,0,0,0
25011,25011,25011,25011,hvac,hvac_heat_pump,4600,15,0,0,0,0,0,0,0
25011,25011,25011,25011,range_oven,range_oven_natural_gas,6053,21,0,0,0,0,0,0,0
25011,25011,25011,25011,range_oven,range_oven_electricity,20097,17,0,0,0,0,0,0,0
25011,25011,25011,25011,hot_water_com,hot_water_com_natural_gas,49,13,0,0,0,0,0,0,0
25011,25011,25011,25011,hot_water_com,hot_water_com_electricity,204,15,0,0,0,0,0,0,0
25011,25011,25011,25011,heating_com,heating_com_natural_gas,74,15,0,0,0,0,0,0,0
25011,25011,25011,25011,heating_com,heating_com_electricity,139,15,0,0,0,0,0,0,0
42125,42125,42125,42125,hot_water,hot_water_natural_gas,61743,13,0,0,0,0,0,0,0
42125,42125,42125,42125,hot_water,hot_water_electricity,24455,15,0,0,0,0,0,0,0
42125,42125,42125,42125,hvac,hvac_natural_gas,63196,15,0,0,0,0,0,0,0
42125,42125,42125,42125,hvac,hvac_heat_pump,19128,15,0,0,0,0,0,0,0
42125,42125,42125,42125,range_oven,range_oven_natural_gas,40194,21,0,0,0,0,0,0,0
42125,42125,42125,42125,range_oven,range_oven_electricity,39225,17,0,0,0,0,0,0,0
42125,42125,42125,42125,hot_water_com,hot_water_com_natural_gas,548,13,0,0,0,0,0,0,0
42125,42125,42125,42125,hot_water_com,hot_water_com_electricity,613,15,0,0,0,0,0,0,0
42125,42125,42125,42125,heating_com,heating_com_natural_gas,743,15,0,0,0,0,0,0,0
42125,42125,42125,42125,heating_com,heating_com_electricity,365,15,0,0,0,0,0,0,0
34001,34001,34001,34001,hot_water,hot_water_natural_gas,90557,13,0,0,0,0,0,0,0
34001,34001,34001,34001,hot_water,hot_water_electricity,25424,15,0,0,0,0,0,0,0
34001,34001,34001,34001,hvac,hvac_natural_gas,92494,15,0,0,0,0,0,0,0
34001,34001,34001,34001,hvac,hvac_heat_pump,19613,15,0,0,0,0,0,0,0
34001,34001,34001,34001,range_oven,range_oven_natural_gas,52300,21,0,0,0,0,0,0,0
34001,34001,34001,34001,range_oven,range_oven_electricity,38741,17,0,0,0,0,0,0,0
34001,34001,34001,34001,hot_water_com,hot_water_com_natural_gas,661,13,0,0,0,0,0,0,0
34001,34001,34001,34001,hot_water_com,hot_water_com_electricity,926,15,0,0,0,0,0,0,0
34001,34001,34001,34001,heating_com,heating_com_natural_gas,896,15,0,0,0,0,0,0,0
34001,34001,34001,34001,heating_com,heating_com_electricity,537,15,0,0,0,0,0,0,0
9130,9130,9130,9130,hot_water,hot_water_natural_gas,21308,13,0,0,0,0,0,0,0
9130,9130,9130,9130,hot_water,hot_water_electricity,23971,15,0,0,0,0,0,0,0
9130,9130,9130,9130,hvac,hvac_natural_gas,11622,15,0,0,0,0,0,0,0
9130,9130,9130,9130,hvac,hvac_heat_pump,13075,15,0,0,0,0,0,0,0
9130,9130,9130,9130,range_oven,range_oven_natural_gas,8717,21,0,0,0,0,0,0,0
9130,9130,9130,9130,range_oven,range_oven_electricity,48426,17,0,0,0,0,0,0,0
9130,9130,9130,9130,hot_water_com,hot_water_com_natural_gas,169,13,0,0,0,0,0,0,0
9130,9130,9130,9130,hot_water_com,hot_water_com_electricity,552,15,0,0,0,0,0,0,0
9130,9130,9130,9130,heating_com,heating_com_natural_gas,114,15,0,0,0,0,0,0,0
9130,9130,9130,9130,heating_com,heating_com_electricity,405,15,0,0,0,0,0,0,0
36103,36103,36103,36103,hot_water,hot_water_natural_gas,252058,13,0,0,0,0,0,0,0
36103,36103,36103,36103,hot_water,hot_water_electricity,147458,15,0,0,0,0,0,0,0
36103,36103,36103,36103,hvac,hvac_natural_gas,234383,15,0,0,0,0,0,0,0
36103,36103,36103,36103,hvac,hvac_heat_pump,40678,15,0,0,0,0,0,0,0
36103,36103,36103,36103,range_oven,range_oven_natural_gas,179419,21,0,0,0,0,0,0,0
36103,36103,36103,36103,range_oven,range_oven_electricity,258596,17,0,0,0,0,0,0,0
36103,36103,36103,36103,hot_water_com,hot_water_com_natural_gas,2370,13,0,0,0,0,0,0,0
36103,36103,36103,36103,hot_water_com,hot_water_com_electricity,3903,15,0,0,0,0,0,0,0
36103,36103,36103,36103,heating_com,heating_com_natural_gas,4157,15,0,0,0,0,0,0,0
36103,36103,36103,36103,heating_com,heating_com_electricity,1957,15,0,0,0,0,0,0,0
42017,42017,42017,42017,hot_water,hot_water_natural_gas,105327,13,0,0,0,0,0,0,0
42017,42017,42017,42017,hot_water,hot_water_electricity,92010,15,0,0,0,0,0,0,0
42017,42017,42017,42017,hvac,hvac_natural_gas,90315,15,0,0,0,0,0,0,0
42017,42017,42017,42017,hvac,hvac_heat_pump,75303,15,0,0,0,0,0,0,0
42017,42017,42017,42017,range_oven,range_oven_natural_gas,75061,21,0,0,0,0,0,0,0
42017,42017,42017,42017,range_oven,range_oven_electricity,135593,17,0,0,0,0,0,0,0
42017,42017,42017,42017,hot_water_com,hot_water_com_natural_gas,832,13,0,0,0,0,0,0,0
42017,42017,42017,42017,hot_water_com,hot_water_com_electricity,1613,15,0,0,0,0,0,0,0
42017,42017,42017,42017,heating_com,heating_com_natural_gas,1202,15,0,0,0,0,0,0,0
42017,42017,42017,42017,heating_com,heating_com_electricity,1372,15,0,0,0,0,0,0,0
36063,36063,36063,36063,hot_water,hot_water_natural_gas,75061,13,0,0,0,0,0,0,0
36063,36063,36063,36063,hot_water,hot_water_electricity,17918,15,0,0,0,0,0,0,0
36063,36063,36063,36063,hvac,hvac_natural_gas,78208,15,0,0,0,0,0,0,0
36063,36063,36063,36063,hvac,hvac_heat_pump,9201,15,0,0,0,0,0,0,0
36063,36063,36063,36063,range_oven,range_oven_natural_gas,49153,21,0,0,0,0,0,0,0
36063,36063,36063,36063,range_oven,range_oven_electricity,32446,17,0,0,0,0,0,0,0
36063,36063,36063,36063,hot_water_com,hot_water_com_natural_gas,396,13,0,0,0,0,0,0,0
36063,36063,36063,36063,hot_water_com,hot_water_com_electricity,554,15,0,0,0,0,0,0,0
36063,36063,36063,36063,heating_com,heating_com_natural_gas,705,15,0,0,0,0,0,0,0
36063,36063,36063,36063,heating_com,heating_com_electricity,165,15,0,0,0,0,0,0,0
36119,36119,36119,36119,hot_water,hot_water_natural_gas,214528,13,0,0,0,0,0,0,0
36119,36119,36119,36119,hot_water,hot_water_electricity,79903,15,0,0,0,0,0,0,0
36119,36119,36119,36119,hvac,hvac_natural_gas,190557,15,0,0,0,0,0,0,0
36119,36119,36119,36119,hvac,hvac_heat_pump,39467,15,0,0,0,0,0,0,0
36119,36119,36119,36119,range_oven,range_oven_natural_gas,142857,21,0,0,0,0,0,0,0
36119,36119,36119,36119,range_oven,range_oven_electricity,170702,17,0,0,0,0,0,0,0
36119,36119,36119,36119,hot_water_com,hot_water_com_natural_gas,1321,13,0,0,0,0,0,0,0
36119,36119,36119,36119,hot_water_com,hot_water_com_electricity,2094,15,0,0,0,0,0,0,0
36119,36119,36119,36119,heating_com,heating_com_natural_gas,2227,15,0,0,0,0,0,0,0
36119,36119,36119,36119,heating_com,heating_com_electricity,1142,15,0,0,0,0,0,0,0
36105,36105,36105,36105,hot_water,hot_water_natural_gas,6295,13,0,0,0,0,0,0,0
36105,36105,36105,36105,hot_water,hot_water_electricity,21308,15,0,0,0,0,0,0,0
36105,36105,36105,36105,hvac,hvac_natural_gas,2663,15,0,0,0,0,0,0,0
36105,36105,36105,36105,hvac,hvac_heat_pump,6295,15,0,0,0,0,0,0,0
36105,36105,36105,36105,range_oven,range_oven_natural_gas,3390,21,0,0,0,0,0,0,0
36105,36105,36105,36105,range_oven,range_oven_electricity,18644,17,0,0,0,0,0,0,0
36105,36105,36105,36105,hot_water_com,hot_water_com_natural_gas,28,13,0,0,0,0,0,0,0
36105,36105,36105,36105,hot_water_com,hot_water_com_electricity,177,15,0,0,0,0,0,0,0
36105,36105,36105,36105,heating_com,heating_com_natural_gas,10,15,0,0,0,0,0,0,0
36105,36105,36105,36105,heating_com,heating_com_electricity,92,15,0,0,0,0,0,0,0
25007,25007,25007,25007,hot_water,hot_water_natural_gas,7748,13,0,0,0,0,0,0,0
25007,25007,25007,25007,hot_water,hot_water_electricity,4600,15,0,0,0,0,0,0,0
25007,25007,25007,25007,hvac,hvac_natural_gas,6538,15,0,0,0,0,0,0,0
25007,25007,25007,25007,hvac,hvac_heat_pump,2421,15,0,0,0,0,0,0,0
25007,25007,25007,25007,range_oven,range_oven_natural_gas,1937,21,0,0,0,0,0,0,0
25007,25007,25007,25007,range_oven,range_oven_electricity,3874,17,0,0,0,0,0,0,0
25007,25007,25007,25007,hot_water_com,hot_water_com_natural_gas,20,13,0,0,0,0,0,0,0
25007,25007,25007,25007,hot_water_com,hot_water_com_electricity,17,15,0,0,0,0,0,0,0
25007,25007,25007,25007,heating_com,heating_com_natural_gas,27,15,0,0,0,0,0,0,0
25007,25007,25007,25007,heating_com,heating_com_electricity,6,15,0,0,0,0,0,0,0
34031,34031,34031,34031,hot_water,hot_water_natural_gas,140194,13,0,0,0,0,0,0,0
34031,34031,34031,34031,hot_water,hot_water_electricity,27845,15,0,0,0,0,0,0,0
34031,34031,34031,34031,hvac,hvac_natural_gas,149153,15,0,0,0,0,0,0,0
34031,34031,34031,34031,hvac,hvac_heat_pump,16223,15,0,0,0,0,0,0,0
34031,34031,34031,34031,range_oven,range_oven_natural_gas,96852,21,0,0,0,0,0,0,0
34031,34031,34031,34031,range_oven,range_oven_electricity,61501,17,0,0,0,0,0,0,0
34031,34031,34031,34031,hot_water_com,hot_water_com_natural_gas,919,13,0,0,0,0,0,0,0
34031,34031,34031,34031,hot_water_com,hot_water_com_electricity,1044,15,0,0,0,0,0,0,0
34031,34031,34031,34031,heating_com,heating_com_natural_gas,1599,15,0,0,0,0,0,0,0
34031,34031,34031,34031,heating_com,heating_com_electricity,558,15,0,0,0,0,0,0,0
42097,42097,42097,42097,hot_water,hot_water_natural_gas,13075,13,0,0,0,0,0,0,0
42097,42097,42097,42097,hot_water,hot_water_electricity,20097,15,0,0,0,0,0,0,0
42097,42097,42097,42097,hvac,hvac_natural_gas,10896,15,0,0,0,0,0,0,0
42097,42097,42097,42097,hvac,hvac_heat_pump,13801,15,0,0,0,0,0,0,0
42097,42097,42097,42097,range_oven,range_oven_natural_gas,10170,21,0,0,0,0,0,0,0
42097,42097,42097,42097,range_oven,range_oven_electricity,25182,17,0,0,0,0,0,0,0
42097,42097,42097,42097,hot_water_com,hot_water_com_natural_gas,189,13,0,0,0,0,0,0,0
42097,42097,42097,42097,hot_water_com,hot_water_com_electricity,341,15,0,0,0,0,0,0,0
42097,42097,42097,42097,heating_com,heating_com_natural_gas,180,15,0,0,0,0,0,0,0
42097,42097,42097,42097,heating_com,heating_com_electricity,324,15,0,0,0,0,0,0,0
36113,36113,36113,36113,hot_water,hot_water_natural_gas,17433,13,0,0,0,0,0,0,0
36113,36113,36113,36113,hot_water,hot_water_electricity,11622,15,0,0,0,0,0,0,0
36113,36113,36113,36113,hvac,hvac_natural_gas,15254,15,0,0,0,0,0,0,0
36113,36113,36113,36113,hvac,hvac_heat_pump,3632,15,0,0,0,0,0,0,0
36113,36113,36113,36113,range_oven,range_oven_natural_gas,9685,21,0,0,0,0,0,0,0
36113,36113,36113,36113,range_oven,range_oven_electricity,14044,17,0,0,0,0,0,0,0
36113,36113,36113,36113,hot_water_com,hot_water_com_natural_gas,288,13,0,0,0,0,0,0,0
36113,36113,36113,36113,hot_water_com,hot_water_com_electricity,519,15,0,0,0,0,0,0,0
36113,36113,36113,36113,heating_com,heating_com_natural_gas,385,15,0,0,0,0,0,0,0
36113,36113,36113,36113,heating_com,heating_com_electricity,281,15,0,0,0,0,0,0,0
36075,36075,36075,36075,hot_water,hot_water_natural_gas,24455,13,0,0,0,0,0,0,0
36075,36075,36075,36075,hot_water,hot_water_electricity,16707,15,0,0,0,0,0,0,0
36075,36075,36075,36075,hvac,hvac_natural_gas,23245,15,0,0,0,0,0,0,0
36075,36075,36075,36075,hvac,hvac_heat_pump,5811,15,0,0,0,0,0,0,0
36075,36075,36075,36075,range_oven,range_oven_natural_gas,14528,21,0,0,0,0,0,0,0
36075,36075,36075,36075,range_oven,range_oven_electricity,21065,17,0,0,0,0,0,0,0
36075,36075,36075,36075,hot_water_com,hot_water_com_natural_gas,211,13,0,0,0,0,0,0,0
36075,36075,36075,36075,hot_water_com,hot_water_com_electricity,303,15,0,0,0,0,0,0,0
36075,36075,36075,36075,heating_com,heating_com_natural_gas,311,15,0,0,0,0,0,0,0
36075,36075,36075,36075,heating_com,heating_com_electricity,134,15,0,0,0,0,0,0,0
44005,44005,44005,44005,hot_water,hot_water_natural_gas,17676,13,0,0,0,0,0,0,0
44005,44005,44005,44005,hot_water,hot_water_electricity,12349,15,0,0,0,0,0,0,0
44005,44005,44005,44005,hvac,hvac_natural_gas,16223,15,0,0,0,0,0,0,0
44005,44005,44005,44005,hvac,hvac_heat_pump,5811,15,0,0,0,0,0,0,0
44005,44005,44005,44005,range_oven,range_oven_natural_gas,10170,21,0,0,0,0,0,0,0
44005,44005,44005,44005,range_oven,range_oven_electricity,22034,17,0,0,0,0,0,0,0
44005,44005,44005,44005,hot_water_com,hot_water_com_natural_gas,107,13,0,0,0,0,0,0,0
44005,44005,44005,44005,hot_water_com,hot_water_com_electricity,257,15,0,0,0,0,0,0,0
44005,44005,44005,44005,heating_com,heating_com_natural_gas,133,15,0,0,0,0,0,0,0
44005,44005,44005,44005,heating_com,heating_com_electricity,112,15,0,0,0,0,0,0,0
42023,42023,42023,42023,hot_water,hot_water_natural_gas,2421,13,0,0,0,0,0,0,0
42023,42023,42023,42023,hot_water,hot_water_electricity,1211,15,0,0,0,0,0,0,0
42023,42023,42023,42023,hvac,hvac_natural_gas,2663,15,0,0,0,0,0,0,0
42023,42023,42023,42023,hvac,hvac_heat_pump,242,15,0,0,0,0,0,0,0
42023,42023,42023,42023,range_oven,range_oven_natural_gas,1695,21,0,0,0,0,0,0,0
42023,42023,42023,42023,range_oven,range_oven_electricity,1453,17,0,0,0,0,0,0,0
42023,42023,42023,42023,hot_water_com,hot_water_com_natural_gas,4,13,0,0,0,0,0,0,0
42023,42023,42023,42023,hot_water_com,hot_water_com_electricity,4,15,0,0,0,0,0,0,0
42023,42023,42023,42023,heating_com,heating_com_natural_gas,4,15,0,0,0,0,0,0,0
42023,42023,42023,42023,heating_com,heating_com_electricity,0,15,0,0,0,0,0,0,0
42103,42103,42103,42103,hot_water,hot_water_natural_gas,4600,13,0,0,0,0,0,0,0
42103,42103,42103,42103,hot_water,hot_water_electricity,22760,15,0,0,0,0,0,0,0
42103,42103,42103,42103,hvac,hvac_natural_gas,2421,15,0,0,0,0,0,0,0
42103,42103,42103,42103,hvac,hvac_heat_pump,11622,15,0,0,0,0,0,0,0
42103,42103,42103,42103,range_oven,range_oven_natural_gas,2421,21,0,0,0,0,0,0,0
42103,42103,42103,42103,range_oven,range_oven_electricity,14044,17,0,0,0,0,0,0,0
42103,42103,42103,42103,hot_water_com,hot_water_com_natural_gas,44,13,0,0,0,0,0,0,0
42103,42103,42103,42103,hot_water_com,hot_water_com_electricity,128,15,0,0,0,0,0,0,0
42103,42103,42103,42103,heating_com,heating_com_natural_gas,16,15,0,0,0,0,0,0,0
42103,42103,42103,42103,heating_com,heating_com_electricity,122,15,0,0,0,0,0,0,0
36059,36059,36059,36059,hot_water,hot_water_natural_gas,279903,13,0,0,0,0,0,0,0
36059,36059,36059,36059,hot_water,hot_water_electricity,85230,15,0,0,0,0,0,0,0
36059,36059,36059,36059,hvac,hvac_natural_gas,285472,15,0,0,0,0,0,0,0
36059,36059,36059,36059,hvac,hvac_heat_pump,22034,15,0,0,0,0,0,0,0
36059,36059,36059,36059,range_oven,range_oven_natural_gas,207991,21,0,0,0,0,0,0,0
36059,36059,36059,36059,range_oven,range_oven_electricity,210170,17,0,0,0,0,0,0,0
36059,36059,36059,36059,hot_water_com,hot_water_com_natural_gas,2191,13,0,0,0,0,0,0,0
36059,36059,36059,36059,hot_water_com,hot_water_com_electricity,2792,15,0,0,0,0,0,0,0
36059,36059,36059,36059,heating_com,heating_com_natural_gas,3685,15,0,0,0,0,0,0,0
36059,36059,36059,36059,heating_com,heating_com_electricity,1185,15,0,0,0,0,0,0,0
25009,25009,25009,25009,hot_water,hot_water_natural_gas,176514,13,0,0,0,0,0,0,0
25009,25009,25009,25009,hot_water,hot_water_electricity,74334,15,0,0,0,0,0,0,0
25009,25009,25009,25009,hvac,hvac_natural_gas,180630,15,0,0,0,0,0,0,0
25009,25009,25009,25009,hvac,hvac_heat_pump,40436,15,0,0,0,0,0,0,0
25009,25009,25009,25009,range_oven,range_oven_natural_gas,123729,21,0,0,0,0,0,0,0
25009,25009,25009,25009,range_oven,range_oven_electricity,148184,17,0,0,0,0,0,0,0
25009,25009,25009,25009,hot_water_com,hot_water_com_natural_gas,899,13,0,0,0,0,0,0,0
25009,25009,25009,25009,hot_water_com,hot_water_com_electricity,1680,15,0,0,0,0,0,0,0
25009,25009,25009,25009,heating_com,heating_com_natural_gas,1415,15,0,0,0,0,0,0,0
25009,25009,25009,25009,heating_com,heating_com_electricity,971,15,0,0,0,0,0,0,0
34013,34013,34013,34013,hot_water,hot_water_natural_gas,238741,13,0,0,0,0,0,0,0
34013,34013,34013,34013,hot_water,hot_water_electricity,56901,15,0,0,0,0,0,0,0
34013,34013,34013,34013,hvac,hvac_natural_gas,247458,15,0,0,0,0,0,0,0
34013,34013,34013,34013,hvac,hvac_heat_pump,44068,15,0,0,0,0,0,0,0
34013,34013,34013,34013,range_oven,range_oven_natural_gas,161501,21,0,0,0,0,0,0,0
34013,34013,34013,34013,range_oven,range_oven_electricity,110654,17,0,0,0,0,0,0,0
34013,34013,34013,34013,hot_water_com,hot_water_com_natural_gas,1907,13,0,0,0,0,0,0,0
34013,34013,34013,34013,hot_water_com,hot_water_com_electricity,2249,15,0,0,0,0,0,0,0
34013,34013,34013,34013,heating_com,heating_com_natural_gas,3088,15,0,0,0,0,0,0,0
34013,34013,34013,34013,heating_com,heating_com_electricity,950,15,0,0,0,0,0,0,0
42089,42089,42089,42089,hot_water,hot_water_natural_gas,12591,13,0,0,0,0,0,0,0
42089,42089,42089,42089,hot_water,hot_water_electricity,44552,15,0,0,0,0,0,0,0
42089,42089,42089,42089,hvac,hvac_natural_gas,8959,15,0,0,0,0,0,0,0
42089,42089,42089,42089,hvac,hvac_heat_pump,35835,15,0,0,0,0,0,0,0
42089,42089,42089,42089,range_oven,range_oven_natural_gas,11138,21,0,0,0,0,0,0,0
42089,42089,42089,42089,range_oven,range_oven_electricity,35109,17,0,0,0,0,0,0,0
42089,42089,42089,42089,hot_water_com,hot_water_com_natural_gas,193,13,0,0,0,0,0,0,0
42089,42089,42089,42089,hot_water_com,hot_water_com_electricity,608,15,0,0,0,0,0,0,0
42089,42089,42089,42089,heating_com,heating_com_natural_gas,34,15,0,0,0,0,0,0,0
42089,42089,42089,42089,heating_com,heating_com_electricity,620,15,0,0,0,0,0,0,0
34007,34007,34007,34007,hot_water,hot_water_natural_gas,154480,13,0,0,0,0,0,0,0
34007,34007,34007,34007,hot_water,hot_water_electricity,39709,15,0,0,0,0,0,0,0
34007,34007,34007,34007,hvac,hvac_natural_gas,159564,15,0,0,0,0,0,0,0
34007,34007,34007,34007,hvac,hvac_heat_pump,32688,15,0,0,0,0,0,0,0
34007,34007,34007,34007,range_oven,range_oven_natural_gas,104358,21,0,0,0,0,0,0,0
34007,34007,34007,34007,range_oven,range_oven_electricity,76271,17,0,0,0,0,0,0,0
34007,34007,34007,34007,hot_water_com,hot_water_com_natural_gas,1628,13,0,0,0,0,0,0,0
34007,34007,34007,34007,hot_water_com,hot_water_com_electricity,1790,15,0,0,0,0,0,0,0
34007,34007,34007,34007,heating_com,heating_com_natural_gas,2787,15,0,0,0,0,0,0,0
34007,34007,34007,34007,heating_com,heating_com_electricity,912,15,0,0,0,0,0,0,0
42129,42129,42129,42129,hot_water,hot_water_natural_gas,111865,13,0,0,0,0,0,0,0
42129,42129,42129,42129,hot_water,hot_water_electricity,35593,15,0,0,0,0,0,0,0
42129,42129,42129,42129,hvac,hvac_natural_gas,110412,15,0,0,0,0,0,0,0
42129,42129,42129,42129,hvac,hvac_heat_pump,25908,15,0,0,0,0,0,0,0
42129,42129,42129,42129,range_oven,range_oven_natural_gas,73366,21,0,0,0,0,0,0,0
42129,42129,42129,42129,range_oven,range_oven_electricity,67312,17,0,0,0,0,0,0,0
42129,42129,42129,42129,hot_water_com,hot_water_com_natural_gas,843,13,0,0,0,0,0,0,0
42129,42129,42129,42129,hot_water_com,hot_water_com_electricity,1271,15,0,0,0,0,0,0,0
42129,42129,42129,42129,heating_com,heating_com_natural_gas,1418,15,0,0,0,0,0,0,0
42129,42129,42129,42129,heating_com,heating_com_electricity,593,15,0,0,0,0,0,0,0
9190,9190,9190,9190,hot_water,hot_water_natural_gas,12591,13,0,0,0,0,0,0,0
9190,9190,9190,9190,hot_water,hot_water_electricity,21550,15,0,0,0,0,0,0,0
9190,9190,9190,9190,hvac,hvac_natural_gas,8475,15,0,0,0,0,0,0,0
9190,9190,9190,9190,hvac,hvac_heat_pump,10654,15,0,0,0,0,0,0,0
9190,9190,9190,9190,range_oven,range_oven_natural_gas,9443,21,0,0,0,0,0,0,0
9190,9190,9190,9190,range_oven,range_oven_electricity,37288,17,0,0,0,0,0,0,0
9190,9190,9190,9190,hot_water_com,hot_water_com_natural_gas,53,13,0,0,0,0,0,0,0
9190,9190,9190,9190,hot_water_com,hot_water_com_electricity,279,15,0,0,0,0,0,0,0
9190,9190,9190,9190,heating_com,heating_com_natural_gas,15,15,0,0,0,0,0,0,0
9190,9190,9190,9190,heating_com,heating_com_electricity,134,15,0,0,0,0,0,0,0
9140,9140,9140,9140,hot_water,hot_water_natural_gas,0,13,0,0,0,0,0,0,0
9140,9140,9140,9140,hot_water,hot_water_electricity,0,15,0,0,0,0,0,0,0
9140,9140,9140,9140,hvac,hvac_natural_gas,0,15,0,0,0,0,0,0,0
9140,9140,9140,9140,hvac,hvac_heat_pump,0,15,0,0,0,0,0,0,0
9140,9140,9140,9140,range_oven,range_oven_natural_gas,0,21,0,0,0,0,0,0,0
9140,9140,9140,9140,range_oven,range_oven_electricity,0,17,0,0,0,0,0,0,0
9140,9140,9140,9140,hot_water_com,hot_water_com_natural_gas,0,13,0,0,0,0,0,0,0
9140,9140,9140,9140,hot_water_com,hot_water_com_electricity,0,15,0,0,0,0,0,0,0
9140,9140,9140,9140,heating_com,heating_com_natural_gas,0,15,0,0,0,0,0,0,0
9140,9140,9140,9140,heating_com,heating_com_electricity,0,15,0,0,0,0,0,0,0
9120,9120,9120,9120,hot_water,hot_water_natural_gas,165860,13,0,0,0,0,0,0,0
9120,9120,9120,9120,hot_water,hot_water_electricity,102664,15,0,0,0,0,0,0,0
9120,9120,9120,9120,hvac,hvac_natural_gas,154237,15,0,0,0,0,0,0,0
9120,9120,9120,9120,hvac,hvac_heat_pump,61259,15,0,0,0,0,0,0,0
9120,9120,9120,9120,range_oven,range_oven_natural_gas,108475,21,0,0,0,0,0,0,0
9120,9120,9120,9120,range_oven,range_oven_electricity,198547,17,0,0,0,0,0,0,0
9120,9120,9120,9120,hot_water_com,hot_water_com_natural_gas,1059,13,0,0,0,0,0,0,0
9120,9120,9120,9120,hot_water_com,hot_water_com_electricity,2652,15,0,0,0,0,0,0,0
9120,9120,9120,9120,heating_com,heating_com_natural_gas,1444,15,0,0,0,0,0,0,0
9120,9120,9120,9120,heating_com,heating_com_electricity,1615,15,0,0,0,0,0,0,0
36079,36079,36079,36079,hot_water,hot_water_natural_gas,7506,13,0,0,0,0,0,0,0
36079,36079,36079,36079,hot_water,hot_water_electricity,15739,15,0,0,0,0,0,0,0
36079,36079,36079,36079,hvac,hvac_natural_gas,3632,15,0,0,0,0,0,0,0
36079,36079,36079,36079,hvac,hvac_heat_pump,8232,15,0,0,0,0,0,0,0
36079,36079,36079,36079,range_oven,range_oven_natural_gas,7022,21,0,0,0,0,0,0,0
36079,36079,36079,36079,range_oven,range_oven_electricity,23971,17,0,0,0,0,0,0,0
36079,36079,36079,36079,hot_water_com,hot_water_com_natural_gas,45,13,0,0,0,0,0,0,0
36079,36079,36079,36079,hot_water_com,hot_water_com_electricity,246,15,0,0,0,0,0,0,0
36079,36079,36079,36079,heating_com,heating_com_natural_gas,20,15,0,0,0,0,0,0,0
36079,36079,36079,36079,heating_com,heating_com_electricity,212,15,0,0,0,0,0,0,0
36029,36029,36029,36029,hot_water,hot_water_natural_gas,356901,13,0,0,0,0,0,0,0
36029,36029,36029,36029,hot_water,hot_water_electricity,50121,15,0,0,0,0,0,0,0
36029,36029,36029,36029,hvac,hvac_natural_gas,377967,15,0,0,0,0,0,0,0
36029,36029,36029,36029,hvac,hvac_heat_pump,29298,15,0,0,0,0,0,0,0
36029,36029,36029,36029,range_oven,range_oven_natural_gas,243100,21,0,0,0,0,0,0,0
36029,36029,36029,36029,range_oven,range_oven_electricity,127603,17,0,0,0,0,0,0,0
36029,36029,36029,36029,hot_water_com,hot_water_com_natural_gas,2364,13,0,0,0,0,0,0,0
36029,36029,36029,36029,hot_water_com,hot_water_com_electricity,2672,15,0,0,0,0,0,0,0
36029,36029,36029,36029,heating_com,heating_com_natural_gas,4125,15,0,0,0,0,0,0,0
36029,36029,36029,36029,heating_com,heating_com_electricity,1037,15,0,0,0,0,0,0,0
36001,36001,36001,36001,hot_water,hot_water_natural_gas,96126,13,0,0,0,0,0,0,0
36001,36001,36001,36001,hot_water,hot_water_electricity,30993,15,0,0,0,0,0,0,0
36001,36001,36001,36001,hvac,hvac_natural_gas,95642,15,0,0,0,0,0,0,0
36001,36001,36001,36001,hvac,hvac_heat_pump,26634,15,0,0,0,0,0,0,0
36001,36001,36001,36001,range_oven,range_oven_natural_gas,64407,21,0,0,0,0,0,0,0
36001,36001,36001,36001,range_oven,range_oven_electricity,53753,17,0,0,0,0,0,0,0
36001,36001,36001,36001,hot_water_com,hot_water_com_natural_gas,1061,13,0,0,0,0,0,0,0
36001,36001,36001,36001,hot_water_com,hot_water_com_electricity,1319,15,0,0,0,0,0,0,0
36001,36001,36001,36001,heating_com,heating_com_natural_gas,1777,15,0,0,0,0,0,0,0
36001,36001,36001,36001,heating_com,heating_com_electricity,742,15,0,0,0,0,0,0,0
25019,25019,25019,25019,hot_water,hot_water_natural_gas,7022,13,0,0,0,0,0,0,0
25019,25019,25019,25019,hot_water,hot_water_electricity,1937,15,0,0,0,0,0,0,0
25019,25019,25019,25019,hvac,hvac_natural_gas,5811,15,0,0,0,0,0,0,0
25019,25019,25019,25019,hvac,hvac_heat_pump,2179,15,0,0,0,0,0,0,0
25019,25019,25019,25019,range_oven,range_oven_natural_gas,2179,21,0,0,0,0,0,0,0
25019,25019,25019,25019,range_oven,range_oven_electricity,2906,17,0,0,0,0,0,0,0
25019,25019,25019,25019,hot_water_com,hot_water_com_natural_gas,15,13,0,0,0,0,0,0,0
25019,25019,25019,25019,hot_water_com,hot_water_com_electricity,31,15,0,0,0,0,0,0,0
25019,25019,25019,25019,heating_com,heating_com_natural_gas,18,15,0,0,0,0,0,0,0
25019,25019,25019,25019,heating_com,heating_com_electricity,11,15,0,0,0,0,0,0,0
42003,42003,42003,42003,hot_water,hot_water_natural_gas,475545,13,0,0,0,0,0,0,0
42003,42003,42003,42003,hot_water,hot_water_electricity,97821,15,0,0,0,0,0,0,0
42003,42003,42003,42003,hvac,hvac_natural_gas,487652,15,0,0,0,0,0,0,0
42003,42003,42003,42003,hvac,hvac_heat_pump,86441,15,0,0,0,0,0,0,0
42003,42003,42003,42003,range_oven,range_oven_natural_gas,315739,21,0,0,0,0,0,0,0
42003,42003,42003,42003,range_oven,range_oven_electricity,197579,17,0,0,0,0,0,0,0
42003,42003,42003,42003,hot_water_com,hot_water_com_natural_gas,4605,13,0,0,0,0,0,0,0
42003,42003,42003,42003,hot_water_com,hot_water_com_electricity,4909,15,0,0,0,0,0,0,0
42003,42003,42003,42003,heating_com,heating_com_natural_gas,7536,15,0,0,0,0,0,0,0
42003,42003,42003,42003,heating_com,heating_com_electricity,1996,15,0,0,0,0,0,0,0
42005,42005,42005,42005,hot_water,hot_water_natural_gas,21065,13,0,0,0,0,0,0,0
42005,42005,42005,42005,hot_water,hot_water_electricity,6053,15,0,0,0,0,0,0,0
42005,42005,42005,42005,hvac,hvac_natural_gas,21065,15,0,0,0,0,0,0,0
42005,42005,42005,42005,hvac,hvac_heat_pump,4116,15,0,0,0,0,0,0,0
42005,42005,42005,42005,range_oven,range_oven_natural_gas,15496,21,0,0,0,0,0,0,0
42005,42005,42005,42005,range_oven,range_oven_electricity,10170,17,0,0,0,0,0,0,0
42005,42005,42005,42005,hot_water_com,hot_water_com_natural_gas,71,13,0,0,0,0,0,0,0
42005,42005,42005,42005,hot_water_com,hot_water_com_electricity,140,15,0,0,0,0,0,0,0
42005,42005,42005,42005,heating_com,heating_com_natural_gas,141,15,0,0,0,0,0,0,0
42005,42005,42005,42005,heating_com,heating_com_electricity,59,15,0,0,0,0,0,0,0
42119,42119,42119,42119,hot_water,hot_water_natural_gas,1453,13,0,0,0,0,0,0,0
42119,42119,42119,42119,hot_water,hot_water_electricity,11138,15,0,0,0,0,0,0,0
42119,42119,42119,42119,hvac,hvac_natural_gas,726,15,0,0,0,0,0,0,0
42119,42119,42119,42119,hvac,hvac_heat_pump,6538,15,0,0,0,0,0,0,0
42119,42119,42119,42119,range_oven,range_oven_natural_gas,1937,21,0,0,0,0,0,0,0
42119,42119,42119,42119,range_oven,range_oven_electricity,11380,17,0,0,0,0,0,0,0
42119,42119,42119,42119,hot_water_com,hot_water_com_natural_gas,60,13,0,0,0,0,0,0,0
42119,42119,42119,42119,hot_water_com,hot_water_com_electricity,207,15,0,0,0,0,0,0,0
42119,42119,42119,42119,heating_com,heating_com_natural_gas,17,15,0,0,0,0,0,0,0
42119,42119,42119,42119,heating_com,heating_com_electricity,249,15,0,0,0,0,0,0,0
42077,42077,42077,42077,hot_water,hot_water_natural_gas,55206,13,0,0,0,0,0,0,0
42077,42077,42077,42077,hot_water,hot_water_electricity,67312,15,0,0,0,0,0,0,0
42077,42077,42077,42077,hvac,hvac_natural_gas,47216,15,0,0,0,0,0,0,0
42077,42077,42077,42077,hvac,hvac_heat_pump,58838,15,0,0,0,0,0,0,0
42077,42077,42077,42077,range_oven,range_oven_natural_gas,39709,21,0,0,0,0,0,0,0
42077,42077,42077,42077,range_oven,range_oven_electricity,80145,17,0,0,0,0,0,0,0
42077,42077,42077,42077,hot_water_com,hot_water_com_natural_gas,470,13,0,0,0,0,0,0,0
42077,42077,42077,42077,hot_water_com,hot_water_com_electricity,1279,15,0,0,0,0,0,0,0
42077,42077,42077,42077,heating_com,heating_com_natural_gas,559,15,0,0,0,0,0,0,0
42077,42077,42077,42077,heating_com,heating_com_electricity,1304,15,0,0,0,0,0,0,0
42037,42037,42037,42037,hot_water,hot_water_natural_gas,9927,13,0,0,0,0,0,0,0
42037,42037,42037,42037,hot_water,hot_water_electricity,14528,15,0,0,0,0,0,0,0
42037,42037,42037,42037,hvac,hvac_natural_gas,8475,15,0,0,0,0,0,0,0
42037,42037,42037,42037,hvac,hvac_heat_pump,7990,15,0,0,0,0,0,0,0
42037,42037,42037,42037,range_oven,range_oven_natural_gas,5811,21,0,0,0,0,0,0,0
42037,42037,42037,42037,range_oven,range_oven_electricity,14528,17,0,0,0,0,0,0,0
42037,42037,42037,42037,hot_water_com,hot_water_com_natural_gas,126,13,0,0,0,0,0,0,0
42037,42037,42037,42037,hot_water_com,hot_water_com_electricity,248,15,0,0,0,0,0,0,0
42037,42037,42037,42037,heating_com,heating_com_natural_gas,111,15,0,0,0,0,0,0,0
42037,42037,42037,42037,heating_com,heating_com_electricity,216,15,0,0,0,0,0,0,0
36023,36023,36023,36023,hot_water,hot_water_natural_gas,8475,13,0,0,0,0,0,0,0
36023,36023,36023,36023,hot_water,hot_water_electricity,7264,15,0,0,0,0,0,0,0
36023,36023,36023,36023,hvac,hvac_natural_gas,8717,15,0,0,0,0,0,0,0
36023,36023,36023,36023,hvac,hvac_heat_pump,3632,15,0,0,0,0,0,0,0
36023,36023,36023,36023,range_oven,range_oven_natural_gas,6780,21,0,0,0,0,0,0,0
36023,36023,36023,36023,range_oven,range_oven_electricity,7022,17,0,0,0,0,0,0,0
36023,36023,36023,36023,hot_water_com,hot_water_com_natural_gas,83,13,0,0,0,0,0,0,0
36023,36023,36023,36023,hot_water_com,hot_water_com_electricity,147,15,0,0,0,0,0,0,0
36023,36023,36023,36023,heating_com,heating_com_natural_gas,130,15,0,0,0,0,0,0,0
36023,36023,36023,36023,heating_com,heating_com_electricity,64,15,0,0,0,0,0,0,0
36041,36041,36041,36041,hot_water,hot_water_natural_gas,1695,13,0,0,0,0,0,0,0
36041,36041,36041,36041,hot_water,hot_water_electricity,4116,15,0,0,0,0,0,0,0
36041,36041,36041,36041,hvac,hvac_natural_gas,484,15,0,0,0,0,0,0,0
36041,36041,36041,36041,hvac,hvac_heat_pump,1453,15,0,0,0,0,0,0,0
36041,36041,36041,36041,range_oven,range_oven_natural_gas,726,21,0,0,0,0,0,0,0
36041,36041,36041,36041,range_oven,range_oven_electricity,4600,17,0,0,0,0,0,0,0
36041,36041,36041,36041,hot_water_com,hot_water_com_natural_gas,10,13,0,0,0,0,0,0,0
36041,36041,36041,36041,hot_water_com,hot_water_com_electricity,35,15,0,0,0,0,0,0,0
36041,36041,36041,36041,heating_com,heating_com_natural_gas,0,15,0,0,0,0,0,0,0
36041,36041,36041,36041,heating_com,heating_com_electricity,10,15,0,0,0,0,0,0,0
36097,36097,36097,36097,hot_water,hot_water_natural_gas,3874,13,0,0,0,0,0,0,0
36097,36097,36097,36097,hot_water,hot_water_electricity,3390,15,0,0,0,0,0,0,0
36097,36097,36097,36097,hvac,hvac_natural_gas,4116,15,0,0,0,0,0,0,0
36097,36097,36097,36097,hvac,hvac_heat_pump,726,15,0,0,0,0,0,0,0
36097,36097,36097,36097,range_oven,range_oven_natural_gas,2906,21,0,0,0,0,0,0,0
36097,36097,36097,36097,range_oven,range_oven_electricity,2663,17,0,0,0,0,0,0,0
36097,36097,36097,36097,hot_water_com,hot_water_com_natural_gas,20,13,0,0,0,0,0,0,0
36097,36097,36097,36097,hot_water_com,hot_water_com_electricity,32,15,0,0,0,0,0,0,0
36097,36097,36097,36097,heating_com,heating_com_natural_gas,36,15,0,0,0,0,0,0,0
36097,36097,36097,36097,heating_com,heating_com_electricity,24,15,0,0,0,0,0,0,0
36123,36123,36123,36123,hot_water,hot_water_natural_gas,7022,13,0,0,0,0,0,0,0
36123,36123,36123,36123,hot_water,hot_water_electricity,3632,15,0,0,0,0,0,0,0
36123,36123,36123,36123,hvac,hvac_natural_gas,7506,15,0,0,0,0,0,0,0
36123,36123,36123,36123,hvac,hvac_heat_pump,1695,15,0,0,0,0,0,0,0
36123,36123,36123,36123,range_oven,range_oven_natural_gas,5085,21,0,0,0,0,0,0,0
36123,36123,36123,36123,range_oven,range_oven_electricity,4600,17,0,0,0,0,0,0,0
36123,36123,36123,36123,hot_water_com,hot_water_com_natural_gas,31,13,0,0,0,0,0,0,0
36123,36123,36123,36123,hot_water_com,hot_water_com_electricity,52,15,0,0,0,0,0,0,0
36123,36123,36123,36123,heating_com,heating_com_natural_gas,30,15,0,0,0,0,0,0,0
36123,36123,36123,36123,heating_com,heating_com_electricity,25,15,0,0,0,0,0,0,0
9160,9160,9160,9160,hot_water,hot_water_natural_gas,19370,13,0,0,0,0,0,0,0
9160,9160,9160,9160,hot_water,hot_water_electricity,33414,15,0,0,0,0,0,0,0
9160,9160,9160,9160,hvac,hvac_natural_gas,12107,15,0,0,0,0,0,0,0
9160,9160,9160,9160,hvac,hvac_heat_pump,14770,15,0,0,0,0,0,0,0
9160,9160,9160,9160,range_oven,range_oven_natural_gas,11622,21,0,0,0,0,0,0,0
9160,9160,9160,9160,range_oven,range_oven_electricity,54237,17,0,0,0,0,0,0,0
9160,9160,9160,9160,hot_water_com,hot_water_com_natural_gas,199,13,0,0,0,0,0,0,0
9160,9160,9160,9160,hot_water_com,hot_water_com_electricity,738,15,0,0,0,0,0,0,0
9160,9160,9160,9160,heating_com,heating_com_natural_gas,118,15,0,0,0,0,0,0,0
9160,9160,9160,9160,heating_com,heating_com_electricity,399,15,0,0,0,0,0,0,0
36085,36085,36085,36085,hot_water,hot_water_natural_gas,152543,13,0,0,0,0,0,0,0
36085,36085,36085,36085,hot_water,hot_water_electricity,16707,15,0,0,0,0,0,0,0
36085,36085,36085,36085,hvac,hvac_natural_gas,161501,15,0,0,0,0,0,0,0
36085,36085,36085,36085,hvac,hvac_heat_pump,7022,15,0,0,0,0,0,0,0
36085,36085,36085,36085,range_oven,range_oven_natural_gas,100242,21,0,0,0,0,0,0,0
36085,36085,36085,36085,range_oven,range_oven_electricity,59564,17,0,0,0,0,0,0,0
36085,36085,36085,36085,hot_water_com,hot_water_com_natural_gas,871,13,0,0,0,0,0,0,0
36085,36085,36085,36085,hot_water_com,hot_water_com_electricity,1181,15,0,0,0,0,0,0,0
36085,36085,36085,36085,heating_com,heating_com_natural_gas,1574,15,0,0,0,0,0,0,0
36085,36085,36085,36085,heating_com,heating_com_electricity,328,15,0,0,0,0,0,0,0
36033,36033,36033,36033,hot_water,hot_water_natural_gas,3632,13,0,0,0,0,0,0,0
36033,36033,36033,36033,hot_water,hot_water_electricity,13801,15,0,0,0,0,0,0,0
36033,36033,36033,36033,hvac,hvac_natural_gas,1211,15,0,0,0,0,0,0,0
36033,36033,36033,36033,hvac,hvac_heat_pump,4843,15,0,0,0,0,0,0,0
36033,36033,36033,36033,range_oven,range_oven_natural_gas,3148,21,0,0,0,0,0,0,0
36033,36033,36033,36033,range_oven,range_oven_electricity,10654,17,0,0,0,0,0,0,0
36033,36033,36033,36033,hot_water_com,hot_water_com_natural_gas,60,13,0,0,0,0,0,0,0
36033,36033,36033,36033,hot_water_com,hot_water_com_electricity,117,15,0,0,0,0,0,0,0
36033,36033,36033,36033,heating_com,heating_com_natural_gas,43,15,0,0,0,0,0,0,0
36033,36033,36033,36033,heating_com,heating_com_electricity,92,15,0,0,0,0,0,0,0
42115,42115,42115,42115,hot_water,hot_water_natural_gas,1695,13,0,0,0,0,0,0,0
42115,42115,42115,42115,hot_water,hot_water_electricity,13559,15,0,0,0,0,0,0,0
42115,42115,42115,42115,hvac,hvac_natural_gas,1211,15,0,0,0,0,0,0,0
42115,42115,42115,42115,hvac,hvac_heat_pump,6780,15,0,0,0,0,0,0,0
42115,42115,42115,42115,range_oven,range_oven_natural_gas,1937,21,0,0,0,0,0,0,0
42115,42115,42115,42115,range_oven,range_oven_electricity,11622,17,0,0,0,0,0,0,0
42115,42115,42115,42115,hot_water_com,hot_water_com_natural_gas,24,13,0,0,0,0,0,0,0
42115,42115,42115,42115,hot_water_com,hot_water_com_electricity,61,15,0,0,0,0,0,0,0
42115,42115,42115,42115,heating_com,heating_com_natural_gas,8,15,0,0,0,0,0,0,0
42115,42115,42115,42115,heating_com,heating_com_electricity,44,15,0,0,0,0,0,0,0
36073,36073,36073,36073,hot_water,hot_water_natural_gas,10896,13,0,0,0,0,0,0,0
36073,36073,36073,36073,hot_water,hot_water_electricity,3874,15,0,0,0,0,0,0,0
36073,36073,36073,36073,hvac,hvac_natural_gas,10896,15,0,0,0,0,0,0,0
36073,36073,36073,36073,hvac,hvac_heat_pump,1695,15,0,0,0,0,0,0,0
36073,36073,36073,36073,range_oven,range_oven_natural_gas,6053,21,0,0,0,0,0,0,0
36073,36073,36073,36073,range_oven,range_oven_electricity,8232,17,0,0,0,0,0,0,0
36073,36073,36073,36073,hot_water_com,hot_water_com_natural_gas,70,13,0,0,0,0,0,0,0
36073,36073,36073,36073,hot_water_com,hot_water_com_electricity,101,15,0,0,0,0,0,0,0
36073,36073,36073,36073,heating_com,heating_com_natural_gas,93,15,0,0,0,0,0,0,0
36073,36073,36073,36073,heating_com,heating_com_electricity,46,15,0,0,0,0,0,0,0
36005,36005,36005,36005,hot_water,hot_water_natural_gas,304601,13,0,0,0,0,0,0,0
36005,36005,36005,36005,hot_water,hot_water_electricity,103632,15,0,0,0,0,0,0,0
36005,36005,36005,36005,hvac,hvac_natural_gas,241405,15,0,0,0,0,0,0,0
36005,36005,36005,36005,hvac,hvac_heat_pump,53027,15,0,0,0,0,0,0,0
36005,36005,36005,36005,range_oven,range_oven_natural_gas,189104,21,0,0,0,0,0,0,0
36005,36005,36005,36005,range_oven,range_oven_electricity,255448,17,0,0,0,0,0,0,0
36005,36005,36005,36005,hot_water_com,hot_water_com_natural_gas,1085,13,0,0,0,0,0,0,0
36005,36005,36005,36005,hot_water_com,hot_water_com_electricity,1390,15,0,0,0,0,0,0,0
36005,36005,36005,36005,heating_com,heating_com_natural_gas,1506,15,0,0,0,0,0,0,0
36005,36005,36005,36005,heating_com,heating_com_electricity,617,15,0,0,0,0,0,0,0
36055,36055,36055,36055,hot_water,hot_water_natural_gas,253753,13,0,0,0,0,0,0,0
36055,36055,36055,36055,hot_water,hot_water_electricity,57385,15,0,0,0,0,0,0,0
36055,36055,36055,36055,hvac,hvac_natural_gas,260533,15,0,0,0,0,0,0,0
36055,36055,36055,36055,hvac,hvac_heat_pump,49637,15,0,0,0,0,0,0,0
36055,36055,36055,36055,range_oven,range_oven_natural_gas,173366,21,0,0,0,0,0,0,0
36055,36055,36055,36055,range_oven,range_oven_electricity,114044,17,0,0,0,0,0,0,0
36055,36055,36055,36055,hot_water_com,hot_water_com_natural_gas,1818,13,0,0,0,0,0,0,0
36055,36055,36055,36055,hot_water_com,hot_water_com_electricity,2111,15,0,0,0,0,0,0,0
36055,36055,36055,36055,heating_com,heating_com_natural_gas,3125,15,0,0,0,0,0,0,0
36055,36055,36055,36055,heating_com,heating_com_electricity,1140,15,0,0,0,0,0,0,0
36057,36057,36057,36057,hot_water,hot_water_natural_gas,11622,13,0,0,0,0,0,0,0
36057,36057,36057,36057,hot_water,hot_water_electricity,6780,15,0,0,0,0,0,0,0
36057,36057,36057,36057,hvac,hvac_natural_gas,11138,15,0,0,0,0,0,0,0
36057,36057,36057,36057,hvac,hvac_heat_pump,1453,15,0,0,0,0,0,0,0
36057,36057,36057,36057,range_oven,range_oven_natural_gas,7506,21,0,0,0,0,0,0,0
36057,36057,36057,36057,range_oven,range_oven_electricity,9201,17,0,0,0,0,0,0,0
36057,36057,36057,36057,hot_water_com,hot_water_com_natural_gas,139,13,0,0,0,0,0,0,0
36057,36057,36057,36057,hot_water_com,hot_water_com_electricity,178,15,0,0,0,0,0,0,0
36057,36057,36057,36057,heating_com,heating_com_natural_gas,181,15,0,0,0,0,0,0,0
36057,36057,36057,36057,heating_com,heating_com_electricity,111,15,0,0,0,0,0,0,0
34029,34029,34029,34029,hot_water,hot_water_natural_gas,213802,13,0,0,0,0,0,0,0
34029,34029,34029,34029,hot_water,hot_water_electricity,51574,15,0,0,0,0,0,0,0
34029,34029,34029,34029,hvac,hvac_natural_gas,223487,15,0,0,0,0,0,0,0
34029,34029,34029,34029,hvac,hvac_heat_pump,38257,15,0,0,0,0,0,0,0
34029,34029,34029,34029,range_oven,range_oven_natural_gas,130509,21,0,0,0,0,0,0,0
34029,34029,34029,34029,range_oven,range_oven_electricity,86199,17,0,0,0,0,0,0,0
34029,34029,34029,34029,hot_water_com,hot_water_com_natural_gas,954,13,0,0,0,0,0,0,0
34029,34029,34029,34029,hot_water_com,hot_water_com_electricity,1056,15,0,0,0,0,0,0,0
34029,34029,34029,34029,heating_com,heating_com_natural_gas,1567,15,0,0,0,0,0,0,0
34029,34029,34029,34029,heating_com,heating_com_electricity,533,15,0,0,0,0,0,0,0
34025,34025,34025,34025,hot_water,hot_water_natural_gas,206538,13,0,0,0,0,0,0,0
34025,34025,34025,34025,hot_water,hot_water_electricity,44552,15,0,0,0,0,0,0,0
34025,34025,34025,34025,hvac,hvac_natural_gas,217918,15,0,0,0,0,0,0,0
34025,34025,34025,34025,hvac,hvac_heat_pump,31719,15,0,0,0,0,0,0,0
34025,34025,34025,34025,range_oven,range_oven_natural_gas,135835,21,0,0,0,0,0,0,0
34025,34025,34025,34025,range_oven,range_oven_electricity,91526,17,0,0,0,0,0,0,0
34025,34025,34025,34025,hot_water_com,hot_water_com_natural_gas,1783,13,0,0,0,0,0,0,0
34025,34025,34025,34025,hot_water_com,hot_water_com_electricity,2168,15,0,0,0,0,0,0,0
34025,34025,34025,34025,heating_com,heating_com_natural_gas,3164,15,0,0,0,0,0,0,0
34025,34025,34025,34025,heating_com,heating_com_electricity,809,15,0,0,0,0,0,0,0
34017,34017,34017,34017,hot_water,hot_water_natural_gas,194673,13,0,0,0,0,0,0,0
34017,34017,34017,34017,hot_water,hot_water_electricity,65133,15,0,0,0,0,0,0,0
34017,34017,34017,34017,hvac,hvac_natural_gas,202664,15,0,0,0,0,0,0,0
34017,34017,34017,34017,hvac,hvac_heat_pump,55932,15,0,0,0,0,0,0,0
34017,34017,34017,34017,range_oven,range_oven_natural_gas,132204,21,0,0,0,0,0,0,0
34017,34017,34017,34017,range_oven,range_oven_electricity,108959,17,0,0,0,0,0,0,0
34017,34017,34017,34017,hot_water_com,hot_water_com_natural_gas,1681,13,0,0,0,0,0,0,0
34017,34017,34017,34017,hot_water_com,hot_water_com_electricity,2352,15,0,0,0,0,0,0,0
34017,34017,34017,34017,heating_com,heating_com_natural_gas,2663,15,0,0,0,0,0,0,0
34017,34017,34017,34017,heating_com,heating_com_electricity,883,15,0,0,0,0,0,0,0
34039,34039,34039,34039,hot_water,hot_water_natural_gas,164891,13,0,0,0,0,0,0,0
34039,34039,34039,34039,hot_water,hot_water_electricity,26150,15,0,0,0,0,0,0,0
34039,34039,34039,34039,hvac,hvac_natural_gas,173850,15,0,0,0,0,0,0,0
34039,34039,34039,34039,hvac,hvac_heat_pump,15739,15,0,0,0,0,0,0,0
34039,34039,34039,34039,range_oven,range_oven_natural_gas,117434,21,0,0,0,0,0,0,0
34039,34039,34039,34039,range_oven,range_oven_electricity,67070,17,0,0,0,0,0,0,0
34039,34039,34039,34039,hot_water_com,hot_water_com_natural_gas,1282,13,0,0,0,0,0,0,0
34039,34039,34039,34039,hot_water_com,hot_water_com_electricity,1633,15,0,0,0,0,0,0,0
34039,34039,34039,34039,heating_com,heating_com_natural_gas,2563,15,0,0,0,0,0,0,0
34039,34039,34039,34039,heating_com,heating_com_electricity,640,15,0,0,0,0,0,0,0
36087,36087,36087,36087,hot_water,hot_water_natural_gas,87894,13,0,0,0,0,0,0,0
36087,36087,36087,36087,hot_water,hot_water_electricity,11622,15,0,0,0,0,0,0,0
36087,36087,36087,36087,hvac,hvac_natural_gas,90315,15,0,0,0,0,0,0,0
36087,36087,36087,36087,hvac,hvac_heat_pump,9443,15,0,0,0,0,0,0,0
36087,36087,36087,36087,range_oven,range_oven_natural_gas,61017,21,0,0,0,0,0,0,0
36087,36087,36087,36087,range_oven,range_oven_electricity,34383,17,0,0,0,0,0,0,0
36087,36087,36087,36087,hot_water_com,hot_water_com_natural_gas,465,13,0,0,0,0,0,0,0
36087,36087,36087,36087,hot_water_com,hot_water_com_electricity,628,15,0,0,0,0,0,0,0
36087,36087,36087,36087,heating_com,heating_com_natural_gas,937,15,0,0,0,0,0,0,0
36087,36087,36087,36087,heating_com,heating_com_electricity,292,15,0,0,0,0,0,0,0
36003,36003,36003,36003,hot_water,hot_water_natural_gas,15254,13,0,0,0,0,0,0,0
36003,36003,36003,36003,hot_water,hot_water_electricity,7506,15,0,0,0,0,0,0,0
36003,36003,36003,36003,hvac,hvac_natural_gas,15496,15,0,0,0,0,0,0,0
36003,36003,36003,36003,hvac,hvac_heat_pump,3148,15,0,0,0,0,0,0,0
36003,36003,36003,36003,range_oven,range_oven_natural_gas,8959,21,0,0,0,0,0,0,0
36003,36003,36003,36003,range_oven,range_oven_electricity,8959,17,0,0,0,0,0,0,0
36003,36003,36003,36003,hot_water_com,hot_water_com_natural_gas,55,13,0,0,0,0,0,0,0
36003,36003,36003,36003,hot_water_com,hot_water_com_electricity,85,15,0,0,0,0,0,0,0
36003,36003,36003,36003,heating_com,heating_com_natural_gas,78,15,0,0,0,0,0,0,0
36003,36003,36003,36003,heating_com,heating_com_electricity,42,15,0,0,0,0,0,0,0
42073,42073,42073,42073,hot_water,hot_water_natural_gas,24213,13,0,0,0,0,0,0,0
42073,42073,42073,42073,hot_water,hot_water_electricity,12349,15,0,0,0,0,0,0,0
42073,42073,42073,42073,hvac,hvac_natural_gas,24213,15,0,0,0,0,0,0,0
42073,42073,42073,42073,hvac,hvac_heat_pump,9685,15,0,0,0,0,0,0,0
42073,42073,42073,42073,range_oven,range_oven_natural_gas,15496,21,0,0,0,0,0,0,0
42073,42073,42073,42073,range_oven,range_oven_electricity,19855,17,0,0,0,0,0,0,0
42073,42073,42073,42073,hot_water_com,hot_water_com_natural_gas,236,13,0,0,0,0,0,0,0
42073,42073,42073,42073,hot_water_com,hot_water_com_electricity,322,15,0,0,0,0,0,0,0
42073,42073,42073,42073,heating_com,heating_com_natural_gas,317,15,0,0,0,0,0,0,0
42073,42073,42073,42073,heating_com,heating_com_electricity,242,15,0,0,0,0,0,0,0
42009,42009,42009,42009,hot_water,hot_water_natural_gas,5085,13,0,0,0,0,0,0,0
42009,42009,42009,42009,hot_water,hot_water_electricity,12833,15,0,0,0,0,0,0,0
42009,42009,42009,42009,hvac,hvac_natural_gas,3148,15,0,0,0,0,0,0,0
42009,42009,42009,42009,hvac,hvac_heat_pump,4358,15,0,0,0,0,0,0,0
42009,42009,42009,42009,range_oven,range_oven_natural_gas,2663,21,0,0,0,0,0,0,0
42009,42009,42009,42009,range_oven,range_oven_electricity,11864,17,0,0,0,0,0,0,0
42009,42009,42009,42009,hot_water_com,hot_water_com_natural_gas,44,13,0,0,0,0,0,0,0
42009,42009,42009,42009,hot_water_com,hot_water_com_electricity,113,15,0,0,0,0,0,0,0
42009,42009,42009,42009,heating_com,heating_com_natural_gas,16,15,0,0,0,0,0,0,0
42009,42009,42009,42009,heating_com,heating_com_electricity,105,15,0,0,0,0,0,0,0
36021,36021,36021,36021,hot_water,hot_water_natural_gas,4600,13,0,0,0,0,0,0,0
36021,36021,36021,36021,hot_water,hot_water_electricity,14286,15,0,0,0,0,0,0,0
36021,36021,36021,36021,hvac,hvac_natural_gas,3390,15,0,0,0,0,0,0,0
36021,36021,36021,36021,hvac,hvac_heat_pump,5327,15,0,0,0,0,0,0,0
36021,36021,36021,36021,range_oven,range_oven_natural_gas,4600,21,0,0,0,0,0,0,0
36021,36021,36021,36021,range_oven,range_oven_electricity,14286,17,0,0,0,0,0,0,0
36021,36021,36021,36021,hot_water_com,hot_water_com_natural_gas,76,13,0,0,0,0,0,0,0
36021,36021,36021,36021,hot_water_com,hot_water_com_electricity,296,15,0,0,0,0,0,0,0
36021,36021,36021,36021,heating_com,heating_com_natural_gas,46,15,0,0,0,0,0,0,0
36021,36021,36021,36021,heating_com,heating_com_electricity,197,15,0,0,0,0,0,0,0
42085,42085,42085,42085,hot_water,hot_water_natural_gas,34140,13,0,0,0,0,0,0,0
42085,42085,42085,42085,hot_water,hot_water_electricity,12591,15,0,0,0,0,0,0,0
42085,42085,42085,42085,hvac,hvac_natural_gas,32446,15,0,0,0,0,0,0,0
42085,42085,42085,42085,hvac,hvac_heat_pump,9927,15,0,0,0,0,0,0,0
42085,42085,42085,42085,range_oven,range_oven_natural_gas,20339,21,0,0,0,0,0,0,0
42085,42085,42085,42085,range_oven,range_oven_electricity,21308,17,0,0,0,0,0,0,0
42085,42085,42085,42085,hot_water_com,hot_water_com_natural_gas,277,13,0,0,0,0,0,0,0
42085,42085,42085,42085,hot_water_com,hot_water_com_electricity,460,15,0,0,0,0,0,0,0
42085,42085,42085,42085,heating_com,heating_com_natural_gas,464,15,0,0,0,0,0,0,0
42085,42085,42085,42085,heating_com,heating_com_electricity,318,15,0,0,0,0,0,0,0
42083,42083,42083,42083,hot_water,hot_water_natural_gas,11622,13,0,0,0,0,0,0,0
42083,42083,42083,42083,hot_water,hot_water_electricity,5327,15,0,0,0,0,0,0,0
42083,42083,42083,42083,hvac,hvac_natural_gas,11138,15,0,0,0,0,0,0,0
42083,42083,42083,42083,hvac,hvac_heat_pump,2663,15,0,0,0,0,0,0,0
42083,42083,42083,42083,range_oven,range_oven_natural_gas,7506,21,0,0,0,0,0,0,0
42083,42083,42083,42083,range_oven,range_oven_electricity,7506,17,0,0,0,0,0,0,0
42083,42083,42083,42083,hot_water_com,hot_water_com_natural_gas,29,13,0,0,0,0,0,0,0
42083,42083,42083,42083,hot_water_com,hot_water_com_electricity,78,15,0,0,0,0,0,0,0
42083,42083,42083,42083,heating_com,heating_com_natural_gas,77,15,0,0,0,0,0,0,0
42083,42083,42083,42083,heating_com,heating_com_electricity,29,15,0,0,0,0,0,0,0
42015,42015,42015,42015,hot_water,hot_water_natural_gas,14286,13,0,0,0,0,0,0,0
42015,42015,42015,42015,hot_water,hot_water_electricity,9927,15,0,0,0,0,0,0,0
42015,42015,42015,42015,hvac,hvac_natural_gas,12833,15,0,0,0,0,0,0,0
42015,42015,42015,42015,hvac,hvac_heat_pump,4600,15,0,0,0,0,0,0,0
42015,42015,42015,42015,range_oven,range_oven_natural_gas,7506,21,0,0,0,0,0,0,0
42015,42015,42015,42015,range_oven,range_oven_electricity,12833,17,0,0,0,0,0,0,0
42015,42015,42015,42015,hot_water_com,hot_water_com_natural_gas,82,13,0,0,0,0,0,0,0
42015,42015,42015,42015,hot_water_com,hot_water_com_electricity,108,15,0,0,0,0,0,0,0
42015,42015,42015,42015,heating_com,heating_com_natural_gas,98,15,0,0,0,0,0,0,0
42015,42015,42015,42015,heating_com,heating_com_electricity,66,15,0,0,0,0,0,0,0
42123,42123,42123,42123,hot_water,hot_water_natural_gas,12107,13,0,0,0,0,0,0,0
42123,42123,42123,42123,hot_water,hot_water_electricity,7748,15,0,0,0,0,0,0,0
42123,42123,42123,42123,hvac,hvac_natural_gas,12349,15,0,0,0,0,0,0,0
42123,42123,42123,42123,hvac,hvac_heat_pump,3148,15,0,0,0,0,0,0,0
42123,42123,42123,42123,range_oven,range_oven_natural_gas,7506,21,0,0,0,0,0,0,0
42123,42123,42123,42123,range_oven,range_oven_electricity,9201,17,0,0,0,0,0,0,0
42123,42123,42123,42123,hot_water_com,hot_water_com_natural_gas,66,13,0,0,0,0,0,0,0
42123,42123,42123,42123,hot_water_com,hot_water_com_electricity,67,15,0,0,0,0,0,0,0
42123,42123,42123,42123,heating_com,heating_com_natural_gas,87,15,0,0,0,0,0,0,0
42123,42123,42123,42123,heating_com,heating_com_electricity,15,15,0,0,0,0,0,0,0
44001,44001,44001,44001,hot_water,hot_water_natural_gas,9443,13,0,0,0,0,0,0,0
44001,44001,44001,44001,hot_water,hot_water_electricity,5569,15,0,0,0,0,0,0,0
44001,44001,44001,44001,hvac,hvac_natural_gas,9201,15,0,0,0,0,0,0,0
44001,44001,44001,44001,hvac,hvac_heat_pump,1211,15,0,0,0,0,0,0,0
44001,44001,44001,44001,range_oven,range_oven_natural_gas,5811,21,0,0,0,0,0,0,0
44001,44001,44001,44001,range_oven,range_oven_electricity,10654,17,0,0,0,0,0,0,0
44001,44001,44001,44001,hot_water_com,hot_water_com_natural_gas,35,13,0,0,0,0,0,0,0
44001,44001,44001,44001,hot_water_com,hot_water_com_electricity,74,15,0,0,0,0,0,0,0
44001,44001,44001,44001,heating_com,heating_com_natural_gas,38,15,0,0,0,0,0,0,0
44001,44001,44001,44001,heating_com,heating_com_electricity,66,15,0,0,0,0,0,0,0
36069,36069,36069,36069,hot_water,hot_water_natural_gas,28087,13,0,0,0,0,0,0,0
36069,36069,36069,36069,hot_water,hot_water_electricity,15012,15,0,0,0,0,0,0,0
36069,36069,36069,36069,hvac,hvac_natural_gas,27603,15,0,0,0,0,0,0,0
36069,36069,36069,36069,hvac,hvac_heat_pump,7990,15,0,0,0,0,0,0,0
36069,36069,36069,36069,range_oven,range_oven_natural_gas,17676,21,0,0,0,0,0,0,0
36069,36069,36069,36069,range_oven,range_oven_electricity,18160,17,0,0,0,0,0,0,0
36069,36069,36069,36069,hot_water_com,hot_water_com_natural_gas,246,13,0,0,0,0,0,0,0
36069,36069,36069,36069,hot_water_com,hot_water_com_electricity,354,15,0,0,0,0,0,0,0
36069,36069,36069,36069,heating_com,heating_com_natural_gas,369,15,0,0,0,0,0,0,0
36069,36069,36069,36069,heating_com,heating_com_electricity,220,15,0,0,0,0,0,0,0
36083,36083,36083,36083,hot_water,hot_water_natural_gas,39467,13,0,0,0,0,0,0,0
36083,36083,36083,36083,hot_water,hot_water_electricity,18160,15,0,0,0,0,0,0,0
36083,36083,36083,36083,hvac,hvac_natural_gas,36078,15,0,0,0,0,0,0,0
36083,36083,36083,36083,hvac,hvac_heat_pump,10170,15,0,0,0,0,0,0,0
36083,36083,36083,36083,range_oven,range_oven_natural_gas,24697,21,0,0,0,0,0,0,0
36083,36083,36083,36083,range_oven,range_oven_electricity,31719,17,0,0,0,0,0,0,0
36083,36083,36083,36083,hot_water_com,hot_water_com_natural_gas,313,13,0,0,0,0,0,0,0
36083,36083,36083,36083,hot_water_com,hot_water_com_electricity,529,15,0,0,0,0,0,0,0
36083,36083,36083,36083,heating_com,heating_com_natural_gas,462,15,0,0,0,0,0,0,0
36083,36083,36083,36083,heating_com,heating_com_electricity,242,15,0,0,0,0,0,0,0
36093,36093,36093,36093,hot_water,hot_water_natural_gas,48668,13,0,0,0,0,0,0,0
36093,36093,36093,36093,hot_water,hot_water_electricity,12591,15,0,0,0,0,0,0,0
36093,36093,36093,36093,hvac,hvac_natural_gas,49395,15,0,0,0,0,0,0,0
36093,36093,36093,36093,hvac,hvac_heat_pump,9927,15,0,0,0,0,0,0,0
36093,36093,36093,36093,range_oven,range_oven_natural_gas,28571,21,0,0,0,0,0,0,0
36093,36093,36093,36093,range_oven,range_oven_electricity,22034,17,0,0,0,0,0,0,0
36093,36093,36093,36093,hot_water_com,hot_water_com_natural_gas,518,13,0,0,0,0,0,0,0
36093,36093,36093,36093,hot_water_com,hot_water_com_electricity,521,15,0,0,0,0,0,0,0
36093,36093,36093,36093,heating_com,heating_com_natural_gas,787,15,0,0,0,0,0,0,0
36093,36093,36093,36093,heating_com,heating_com_electricity,332,15,0,0,0,0,0,0,0
36035,36035,36035,36035,hot_water,hot_water_natural_gas,13075,13,0,0,0,0,0,0,0
36035,36035,36035,36035,hot_water,hot_water_electricity,7990,15,0,0,0,0,0,0,0
36035,36035,36035,36035,hvac,hvac_natural_gas,11622,15,0,0,0,0,0,0,0
36035,36035,36035,36035,hvac,hvac_heat_pump,3148,15,0,0,0,0,0,0,0
36035,36035,36035,36035,range_oven,range_oven_natural_gas,8232,21,0,0,0,0,0,0,0
36035,36035,36035,36035,range_oven,range_oven_electricity,11864,17,0,0,0,0,0,0,0
36035,36035,36035,36035,hot_water_com,hot_water_com_natural_gas,117,13,0,0,0,0,0,0,0
36035,36035,36035,36035,hot_water_com,hot_water_com_electricity,240,15,0,0,0,0,0,0,0
36035,36035,36035,36035,heating_com,heating_com_natural_gas,180,15,0,0,0,0,0,0,0
36035,36035,36035,36035,heating_com,heating_com_electricity,123,15,0,0,0,0,0,0,0
36007,36007,36007,36007,hot_water,hot_water_natural_gas,55448,13,0,0,0,0,0,0,0
36007,36007,36007,36007,hot_water,hot_water_electricity,24213,15,0,0,0,0,0,0,0
36007,36007,36007,36007,hvac,hvac_natural_gas,54964,15,0,0,0,0,0,0,0
36007,36007,36007,36007,hvac,hvac_heat_pump,14770,15,0,0,0,0,0,0,0
36007,36007,36007,36007,range_oven,range_oven_natural_gas,36804,21,0,0,0,0,0,0,0
36007,36007,36007,36007,range_oven,range_oven_electricity,33414,17,0,0,0,0,0,0,0
36007,36007,36007,36007,hot_water_com,hot_water_com_natural_gas,345,13,0,0,0,0,0,0,0
36007,36007,36007,36007,hot_water_com,hot_water_com_electricity,681,15,0,0,0,0,0,0,0
36007,36007,36007,36007,heating_com,heating_com_natural_gas,581,15,0,0,0,0,0,0,0
36007,36007,36007,36007,heating_com,heating_com_electricity,360,15,0,0,0,0,0,0,0
36107,36107,36107,36107,hot_water,hot_water_natural_gas,7748,13,0,0,0,0,0,0,0
36107,36107,36107,36107,hot_water,hot_water_electricity,7748,15,0,0,0,0,0,0,0
36107,36107,36107,36107,hvac,hvac_natural_gas,6295,15,0,0,0,0,0,0,0
36107,36107,36107,36107,hvac,hvac_heat_pump,2663,15,0,0,0,0,0,0,0
36107,36107,36107,36107,range_oven,range_oven_natural_gas,4843,21,0,0,0,0,0,0,0
36107,36107,36107,36107,range_oven,range_oven_electricity,12107,17,0,0,0,0,0,0,0
36107,36107,36107,36107,hot_water_com,hot_water_com_natural_gas,42,13,0,0,0,0,0,0,0
36107,36107,36107,36107,hot_water_com,hot_water_com_electricity,91,15,0,0,0,0,0,0,0
36107,36107,36107,36107,heating_com,heating_com_natural_gas,68,15,0,0,0,0,0,0,0
36107,36107,36107,36107,heating_com,heating_com_electricity,35,15,0,0,0,0,0,0,0
36027,36027,36027,36027,hot_water,hot_water_natural_gas,43099,13,0,0,0,0,0,0,0
36027,36027,36027,36027,hot_water,hot_water_electricity,42131,15,0,0,0,0,0,0,0
36027,36027,36027,36027,hvac,hvac_natural_gas,33414,15,0,0,0,0,0,0,0
36027,36027,36027,36027,hvac,hvac_heat_pump,16707,15,0,0,0,0,0,0,0
36027,36027,36027,36027,range_oven,range_oven_natural_gas,30509,21,0,0,0,0,0,0,0
36027,36027,36027,36027,range_oven,range_oven_electricity,58596,17,0,0,0,0,0,0,0
36027,36027,36027,36027,hot_water_com,hot_water_com_natural_gas,312,13,0,0,0,0,0,0,0
36027,36027,36027,36027,hot_water_com,hot_water_com_electricity,723,15,0,0,0,0,0,0,0
36027,36027,36027,36027,heating_com,heating_com_natural_gas,480,15,0,0,0,0,0,0,0
36027,36027,36027,36027,heating_com,heating_com_electricity,330,15,0,0,0,0,0,0,0
42117,42117,42117,42117,hot_water,hot_water_natural_gas,8959,13,0,0,0,0,0,0,0
42117,42117,42117,42117,hot_water,hot_water_electricity,9443,15,0,0,0,0,0,0,0
42117,42117,42117,42117,hvac,hvac_natural_gas,9927,15,0,0,0,0,0,0,0
42117,42117,42117,42117,hvac,hvac_heat_pump,1937,15,0,0,0,0,0,0,0
42117,42117,42117,42117,range_oven,range_oven_natural_gas,6053,21,0,0,0,0,0,0,0
42117,42117,42117,42117,range_oven,range_oven_electricity,7990,17,0,0,0,0,0,0,0
42117,42117,42117,42117,hot_water_com,hot_water_com_natural_gas,130,13,0,0,0,0,0,0,0
42117,42117,42117,42117,hot_water_com,hot_water_com_electricity,159,15,0,0,0,0,0,0,0
42117,42117,42117,42117,heating_com,heating_com_natural_gas,162,15,0,0,0,0,0,0,0
42117,42117,42117,42117,heating_com,heating_com_electricity,113,15,0,0,0,0,0,0,0
44003,44003,44003,44003,hot_water,hot_water_natural_gas,39709,13,0,0,0,0,0,0,0
44003,44003,44003,44003,hot_water,hot_water_electricity,16465,15,0,0,0,0,0,0,0
44003,44003,44003,44003,hvac,hvac_natural_gas,39952,15,0,0,0,0,0,0,0
44003,44003,44003,44003,hvac,hvac_heat_pump,6780,15,0,0,0,0,0,0,0
44003,44003,44003,44003,range_oven,range_oven_natural_gas,29298,21,0,0,0,0,0,0,0
44003,44003,44003,44003,range_oven,range_oven_electricity,33656,17,0,0,0,0,0,0,0
44003,44003,44003,44003,hot_water_com,hot_water_com_natural_gas,352,13,0,0,0,0,0,0,0
44003,44003,44003,44003,hot_water_com,hot_water_com_electricity,641,15,0,0,0,0,0,0,0
44003,44003,44003,44003,heating_com,heating_com_natural_gas,461,15,0,0,0,0,0,0,0
44003,44003,44003,44003,heating_com,heating_com_electricity,266,15,0,0,0,0,0,0,0
36101,36101,36101,36101,hot_water,hot_water_natural_gas,23729,13,0,0,0,0,0,0,0
36101,36101,36101,36101,hot_water,hot_water_electricity,15981,15,0,0,0,0,0,0,0
36101,36101,36101,36101,hvac,hvac_natural_gas,23971,15,0,0,0,0,0,0,0
36101,36101,36101,36101,hvac,hvac_heat_pump,6053,15,0,0,0,0,0,0,0
36101,36101,36101,36101,range_oven,range_oven_natural_gas,14770,21,0,0,0,0,0,0,0
36101,36101,36101,36101,range_oven,range_oven_electricity,20823,17,0,0,0,0,0,0,0
36101,36101,36101,36101,hot_water_com,hot_water_com_natural_gas,124,13,0,0,0,0,0,0,0
36101,36101,36101,36101,hot_water_com,hot_water_com_electricity,190,15,0,0,0,0,0,0,0
36101,36101,36101,36101,heating_com,heating_com_natural_gas,235,15,0,0,0,0,0,0,0
36101,36101,36101,36101,heating_com,heating_com_electricity,69,15,0,0,0,0,0,0,0
25023,25023,25023,25023,hot_water,hot_water_natural_gas,100484,13,0,0,0,0,0,0,0
25023,25023,25023,25023,hot_water,hot_water_electricity,46973,15,0,0,0,0,0,0,0
25023,25023,25023,25023,hvac,hvac_natural_gas,97337,15,0,0,0,0,0,0,0
25023,25023,25023,25023,hvac,hvac_heat_pump,21308,15,0,0,0,0,0,0,0
25023,25023,25023,25023,range_oven,range_oven_natural_gas,71429,21,0,0,0,0,0,0,0
25023,25023,25023,25023,range_oven,range_oven_electricity,98789,17,0,0,0,0,0,0,0
25023,25023,25023,25023,hot_water_com,hot_water_com_natural_gas,500,13,0,0,0,0,0,0,0
25023,25023,25023,25023,hot_water_com,hot_water_com_electricity,1077,15,0,0,0,0,0,0,0
25023,25023,25023,25023,heating_com,heating_com_natural_gas,883,15,0,0,0,0,0,0,0
25023,25023,25023,25023,heating_com,heating_com_electricity,599,15,0,0,0,0,0,0,0
42105,42105,42105,42105,hot_water,hot_water_natural_gas,6780,13,0,0,0,0,0,0,0
42105,42105,42105,42105,hot_water,hot_water_electricity,3874,15,0,0,0,0,0,0,0
42105,42105,42105,42105,hvac,hvac_natural_gas,7022,15,0,0,0,0,0,0,0
42105,42105,42105,42105,hvac,hvac_heat_pump,1453,15,0,0,0,0,0,0,0
42105,42105,42105,42105,range_oven,range_oven_natural_gas,3874,21,0,0,0,0,0,0,0
42105,42105,42105,42105,range_oven,range_oven_electricity,4600,17,0,0,0,0,0,0,0
42105,42105,42105,42105,hot_water_com,hot_water_com_natural_gas,46,13,0,0,0,0,0,0,0
42105,42105,42105,42105,hot_water_com,hot_water_com_electricity,49,15,0,0,0,0,0,0,0
42105,42105,42105,42105,heating_com,heating_com_natural_gas,62,15,0,0,0,0,0,0,0
42105,42105,42105,42105,heating_com,heating_com_electricity,12,15,0,0,0,0,0,0,0
42011,42011,42011,42011,hot_water,hot_water_natural_gas,73366,13,0,0,0,0,0,0,0
42011,42011,42011,42011,hot_water,hot_water_electricity,57143,15,0,0,0,0,0,0,0
42011,42011,42011,42011,hvac,hvac_natural_gas,65375,15,0,0,0,0,0,0,0
42011,42011,42011,42011,hvac,hvac_heat_pump,36562,15,0,0,0,0,0,0,0
42011,42011,42011,42011,range_oven,range_oven_natural_gas,52058,21,0,0,0,0,0,0,0
42011,42011,42011,42011,range_oven,range_oven_electricity,80387,17,0,0,0,0,0,0,0
42011,42011,42011,42011,hot_water_com,hot_water_com_natural_gas,416,13,0,0,0,0,0,0,0
42011,42011,42011,42011,hot_water_com,hot_water_com_electricity,940,15,0,0,0,0,0,0,0
42011,42011,42011,42011,heating_com,heating_com_natural_gas,614,15,0,0,0,0,0,0,0
42011,42011,42011,42011,heating_com,heating_com_electricity,776,15,0,0,0,0,0,0,0
42087,42087,42087,42087,hot_water,hot_water_natural_gas,5811,13,0,0,0,0,0,0,0
42087,42087,42087,42087,hot_water,hot_water_electricity,10170,15,0,0,0,0,0,0,0
42087,42087,42087,42087,hvac,hvac_natural_gas,2906,15,0,0,0,0,0,0,0
42087,42087,42087,42087,hvac,hvac_heat_pump,6053,15,0,0,0,0,0,0,0
42087,42087,42087,42087,range_oven,range_oven_natural_gas,3874,21,0,0,0,0,0,0,0
42087,42087,42087,42087,range_oven,range_oven_electricity,11622,17,0,0,0,0,0,0,0
42087,42087,42087,42087,hot_water_com,hot_water_com_natural_gas,9,13,0,0,0,0,0,0,0
42087,42087,42087,42087,hot_water_com,hot_water_com_electricity,91,15,0,0,0,0,0,0,0
42087,42087,42087,42087,heating_com,heating_com_natural_gas,10,15,0,0,0,0,0,0,0
42087,42087,42087,42087,heating_com,heating_com_electricity,91,15,0,0,0,0,0,0,0
36109,36109,36109,36109,hot_water,hot_water_natural_gas,24939,13,0,0,0,0,0,0,0
36109,36109,36109,36109,hot_water,hot_water_electricity,10896,15,0,0,0,0,0,0,0
36109,36109,36109,36109,hvac,hvac_natural_gas,21792,15,0,0,0,0,0,0,0
36109,36109,36109,36109,hvac,hvac_heat_pump,8475,15,0,0,0,0,0,0,0
36109,36109,36109,36109,range_oven,range_oven_natural_gas,15739,21,0,0,0,0,0,0,0
36109,36109,36109,36109,range_oven,range_oven_electricity,18402,17,0,0,0,0,0,0,0
36109,36109,36109,36109,hot_water_com,hot_water_com_natural_gas,114,13,0,0,0,0,0,0,0
36109,36109,36109,36109,hot_water_com,hot_water_com_electricity,182,15,0,0,0,0,0,0,0
36109,36109,36109,36109,heating_com,heating_com_natural_gas,157,15,0,0,0,0,0,0,0
36109,36109,36109,36109,heating_com,heating_com_electricity,80,15,0,0,0,0,0,0,0
42053,42053,42053,42053,hot_water,hot_water_natural_gas,5569,13,0,0,0,0,0,0,0
42053,42053,42053,42053,hot_water,hot_water_electricity,2421,15,0,0,0,0,0,0,0
42053,42053,42053,42053,hvac,hvac_natural_gas,6295,15,0,0,0,0,0,0,0
42053,42053,42053,42053,hvac,hvac_heat_pump,484,15,0,0,0,0,0,0,0
42053,42053,42053,42053,range_oven,range_oven_natural_gas,3390,21,0,0,0,0,0,0,0
42053,42053,42053,42053,range_oven,range_oven_electricity,1695,17,0,0,0,0,0,0,0
42053,42053,42053,42053,hot_water_com,hot_water_com_natural_gas,15,13,0,0,0,0,0,0,0
42053,42053,42053,42053,hot_water_com,hot_water_com_electricity,15,15,0,0,0,0,0,0,0
42053,42053,42053,42053,heating_com,heating_com_natural_gas,25,15,0,0,0,0,0,0,0
42053,42053,42053,42053,heating_com,heating_com_electricity,6,15,0,0,0,0,0,0,0
42093,42093,42093,42093,hot_water,hot_water_natural_gas,3390,13,0,0,0,0,0,0,0
42093,42093,42093,42093,hot_water,hot_water_electricity,2663,15,0,0,0,0,0,0,0
42093,42093,42093,42093,hvac,hvac_natural_gas,3148,15,0,0,0,0,0,0,0
42093,42093,42093,42093,hvac,hvac_heat_pump,1211,15,0,0,0,0,0,0,0
42093,42093,42093,42093,range_oven,range_oven_natural_gas,2421,21,0,0,0,0,0,0,0
42093,42093,42093,42093,range_oven,range_oven_electricity,3148,17,0,0,0,0,0,0,0
42093,42093,42093,42093,hot_water_com,hot_water_com_natural_gas,34,13,0,0,0,0,0,0,0
42093,42093,42093,42093,hot_water_com,hot_water_com_electricity,115,15,0,0,0,0,0,0,0
42093,42093,42093,42093,heating_com,heating_com_natural_gas,36,15,0,0,0,0,0,0,0
42093,42093,42093,42093,heating_com,heating_com_electricity,79,15,0,0,0,0,0,0,0
42107,42107,42107,42107,hot_water,hot_water_natural_gas,10412,13,0,0,0,0,0,0,0
42107,42107,42107,42107,hot_water,hot_water_electricity,32446,15,0,0,0,0,0,0,0
42107,42107,42107,42107,hvac,hvac_natural_gas,4358,15,0,0,0,0,0,0,0
42107,42107,42107,42107,hvac,hvac_heat_pump,17433,15,0,0,0,0,0,0,0
42107,42107,42107,42107,range_oven,range_oven_natural_gas,10412,21,0,0,0,0,0,0,0
42107,42107,42107,42107,range_oven,range_oven_electricity,39952,17,0,0,0,0,0,0,0
42107,42107,42107,42107,hot_water_com,hot_water_com_natural_gas,92,13,0,0,0,0,0,0,0
42107,42107,42107,42107,hot_water_com,hot_water_com_electricity,339,15,0,0,0,0,0,0,0
42107,42107,42107,42107,heating_com,heating_com_natural_gas,30,15,0,0,0,0,0,0,0
42107,42107,42107,42107,heating_com,heating_com_electricity,283,15,0,0,0,0,0,0,0
36121,36121,36121,36121,hot_water,hot_water_natural_gas,9927,13,0,0,0,0,0,0,0
36121,36121,36121,36121,hot_water,hot_water_electricity,4358,15,0,0,0,0,0,0,0
36121,36121,36121,36121,hvac,hvac_natural_gas,10170,15,0,0,0,0,0,0,0
36121,36121,36121,36121,hvac,hvac_heat_pump,1211,15,0,0,0,0,0,0,0
36121,36121,36121,36121,range_oven,range_oven_natural_gas,7748,21,0,0,0,0,0,0,0
36121,36121,36121,36121,range_oven,range_oven_electricity,6538,17,0,0,0,0,0,0,0
36121,36121,36121,36121,hot_water_com,hot_water_com_natural_gas,67,13,0,0,0,0,0,0,0
36121,36121,36121,36121,hot_water_com,hot_water_com_electricity,87,15,0,0,0,0,0,0,0
36121,36121,36121,36121,heating_com,heating_com_natural_gas,85,15,0,0,0,0,0,0,0
36121,36121,36121,36121,heating_com,heating_com_electricity,29,15,0,0,0,0,0,0,0
42065,42065,42065,42065,hot_water,hot_water_natural_gas,14528,13,0,0,0,0,0,0,0
42065,42065,42065,42065,hot_water,hot_water_electricity,5085,15,0,0,0,0,0,0,0
42065,42065,42065,42065,hvac,hvac_natural_gas,15254,15,0,0,0,0,0,0,0
42065,42065,42065,42065,hvac,hvac_heat_pump,1695,15,0,0,0,0,0,0,0
42065,42065,42065,42065,range_oven,range_oven_natural_gas,7748,21,0,0,0,0,0,0,0
42065,42065,42065,42065,range_oven,range_oven_electricity,7264,17,0,0,0,0,0,0,0
42065,42065,42065,42065,hot_water_com,hot_water_com_natural_gas,90,13,0,0,0,0,0,0,0
42065,42065,42065,42065,hot_water_com,hot_water_com_electricity,105,15,0,0,0,0,0,0,0
42065,42065,42065,42065,heating_com,heating_com_natural_gas,118,15,0,0,0,0,0,0,0
42065,42065,42065,42065,heating_com,heating_com_electricity,52,15,0,0,0,0,0,0,0
42047,42047,42047,42047,hot_water,hot_water_natural_gas,10654,13,0,0,0,0,0,0,0
42047,42047,42047,42047,hot_water,hot_water_electricity,4600,15,0,0,0,0,0,0,0
42047,42047,42047,42047,hvac,hvac_natural_gas,10654,15,0,0,0,0,0,0,0
42047,42047,42047,42047,hvac,hvac_heat_pump,1695,15,0,0,0,0,0,0,0
42047,42047,42047,42047,range_oven,range_oven_natural_gas,7022,21,0,0,0,0,0,0,0
42047,42047,42047,42047,range_oven,range_oven_electricity,4358,17,0,0,0,0,0,0,0
42047,42047,42047,42047,hot_water_com,hot_water_com_natural_gas,69,13,0,0,0,0,0,0,0
42047,42047,42047,42047,hot_water_com,hot_water_com_electricity,87,15,0,0,0,0,0,0,0
42047,42047,42047,42047,heating_com,heating_com_natural_gas,96,15,0,0,0,0,0,0,0
42047,42047,42047,42047,heating_com,heating_com_electricity,36,15,0,0,0,0,0,0,0
42069,42069,42069,42069,hot_water,hot_water_natural_gas,57627,13,0,0,0,0,0,0,0
42069,42069,42069,42069,hot_water,hot_water_electricity,27603,15,0,0,0,0,0,0,0
42069,42069,42069,42069,hvac,hvac_natural_gas,58838,15,0,0,0,0,0,0,0
42069,42069,42069,42069,hvac,hvac_heat_pump,17433,15,0,0,0,0,0,0,0
42069,42069,42069,42069,range_oven,range_oven_natural_gas,39709,21,0,0,0,0,0,0,0
42069,42069,42069,42069,range_oven,range_oven_electricity,36078,17,0,0,0,0,0,0,0
42069,42069,42069,42069,hot_water_com,hot_water_com_natural_gas,422,13,0,0,0,0,0,0,0
42069,42069,42069,42069,hot_water_com,hot_water_com_electricity,766,15,0,0,0,0,0,0,0
42069,42069,42069,42069,heating_com,heating_com_natural_gas,727,15,0,0,0,0,0,0,0
42069,42069,42069,42069,heating_com,heating_com_electricity,526,15,0,0,0,0,0,0,0
42041,42041,42041,42041,hot_water,hot_water_natural_gas,39225,13,0,0,0,0,0,0,0
42041,42041,42041,42041,hot_water,hot_water_electricity,49637,15,0,0,0,0,0,0,0
42041,42041,42041,42041,hvac,hvac_natural_gas,35351,15,0,0,0,0,0,0,0
42041,42041,42041,42041,hvac,hvac_heat_pump,37288,15,0,0,0,0,0,0,0
42041,42041,42041,42041,range_oven,range_oven_natural_gas,31719,21,0,0,0,0,0,0,0
42041,42041,42041,42041,range_oven,range_oven_electricity,54479,17,0,0,0,0,0,0,0
42041,42041,42041,42041,hot_water_com,hot_water_com_natural_gas,362,13,0,0,0,0,0,0,0
42041,42041,42041,42041,hot_water_com,hot_water_com_electricity,772,15,0,0,0,0,0,0,0
42041,42041,42041,42041,heating_com,heating_com_natural_gas,349,15,0,0,0,0,0,0,0
42041,42041,42041,42041,heating_com,heating_com_electricity,758,15,0,0,0,0,0,0,0
42007,42007,42007,42007,hot_water,hot_water_natural_gas,55206,13,0,0,0,0,0,0,0
42007,42007,42007,42007,hot_water,hot_water_electricity,15496,15,0,0,0,0,0,0,0
42007,42007,42007,42007,hvac,hvac_natural_gas,54722,15,0,0,0,0,0,0,0
42007,42007,42007,42007,hvac,hvac_heat_pump,13075,15,0,0,0,0,0,0,0
42007,42007,42007,42007,range_oven,range_oven_natural_gas,30509,21,0,0,0,0,0,0,0
42007,42007,42007,42007,range_oven,range_oven_electricity,33656,17,0,0,0,0,0,0,0
42007,42007,42007,42007,hot_water_com,hot_water_com_natural_gas,410,13,0,0,0,0,0,0,0
42007,42007,42007,42007,hot_water_com,hot_water_com_electricity,522,15,0,0,0,0,0,0,0
42007,42007,42007,42007,heating_com,heating_com_natural_gas,543,15,0,0,0,0,0,0,0
42007,42007,42007,42007,heating_com,heating_com_electricity,315,15,0,0,0,0,0,0,0
36015,36015,36015,36015,hot_water,hot_water_natural_gas,29782,13,0,0,0,0,0,0,0
36015,36015,36015,36015,hot_water,hot_water_electricity,5811,15,0,0,0,0,0,0,0
36015,36015,36015,36015,hvac,hvac_natural_gas,29056,15,0,0,0,0,0,0,0
36015,36015,36015,36015,hvac,hvac_heat_pump,4358,15,0,0,0,0,0,0,0
36015,36015,36015,36015,range_oven,range_oven_natural_gas,20339,21,0,0,0,0,0,0,0
36015,36015,36015,36015,range_oven,range_oven_electricity,11380,17,0,0,0,0,0,0,0
36015,36015,36015,36015,hot_water_com,hot_water_com_natural_gas,194,13,0,0,0,0,0,0,0
36015,36015,36015,36015,hot_water_com,hot_water_com_electricity,223,15,0,0,0,0,0,0,0
36015,36015,36015,36015,heating_com,heating_com_natural_gas,277,15,0,0,0,0,0,0,0
36015,36015,36015,36015,heating_com,heating_com_electricity,82,15,0,0,0,0,0,0,0
36117,36117,36117,36117,hot_water,hot_water_natural_gas,21792,13,0,0,0,0,0,0,0
36117,36117,36117,36117,hot_water,hot_water_electricity,12833,15,0,0,0,0,0,0,0
36117,36117,36117,36117,hvac,hvac_natural_gas,19855,15,0,0,0,0,0,0,0
36117,36117,36117,36117,hvac,hvac_heat_pump,6295,15,0,0,0,0,0,0,0
36117,36117,36117,36117,range_oven,range_oven_natural_gas,13801,21,0,0,0,0,0,0,0
36117,36117,36117,36117,range_oven,range_oven_electricity,16949,17,0,0,0,0,0,0,0
36117,36117,36117,36117,hot_water_com,hot_water_com_natural_gas,150,13,0,0,0,0,0,0,0
36117,36117,36117,36117,hot_water_com,hot_water_com_electricity,228,15,0,0,0,0,0,0,0
36117,36117,36117,36117,heating_com,heating_com_natural_gas,232,15,0,0,0,0,0,0,0
36117,36117,36117,36117,heating_com,heating_com_electricity,157,15,0,0,0,0,0,0,0
36011,36011,36011,36011,hot_water,hot_water_natural_gas,18644,13,0,0,0,0,0,0,0
36011,36011,36011,36011,hot_water,hot_water_electricity,8717,15,0,0,0,0,0,0,0
36011,36011,36011,36011,hvac,hvac_natural_gas,16465,15,0,0,0,0,0,0,0
36011,36011,36011,36011,hvac,hvac_heat_pump,3632,15,0,0,0,0,0,0,0
36011,36011,36011,36011,range_oven,range_oven_natural_gas,12107,21,0,0,0,0,0,0,0
36011,36011,36011,36011,range_oven,range_oven_electricity,13317,17,0,0,0,0,0,0,0
36011,36011,36011,36011,hot_water_com,hot_water_com_natural_gas,115,13,0,0,0,0,0,0,0
36011,36011,36011,36011,hot_water_com,hot_water_com_electricity,163,15,0,0,0,0,0,0,0
36011,36011,36011,36011,heating_com,heating_com_natural_gas,161,15,0,0,0,0,0,0,0
36011,36011,36011,36011,heating_com,heating_com_electricity,105,15,0,0,0,0,0,0,0
9150,9150,9150,9150,hot_water,hot_water_natural_gas,8475,13,0,0,0,0,0,0,0
9150,9150,9150,9150,hot_water,hot_water_electricity,20339,15,0,0,0,0,0,0,0
9150,9150,9150,9150,hvac,hvac_natural_gas,5569,15,0,0,0,0,0,0,0
9150,9150,9150,9150,hvac,hvac_heat_pump,7264,15,0,0,0,0,0,0,0
9150,9150,9150,9150,range_oven,range_oven_natural_gas,6538,21,0,0,0,0,0,0,0
9150,9150,9150,9150,range_oven,range_oven_electricity,30751,17,0,0,0,0,0,0,0
9150,9150,9150,9150,hot_water_com,hot_water_com_natural_gas,33,13,0,0,0,0,0,0,0
9150,9150,9150,9150,hot_water_com,hot_water_com_electricity,254,15,0,0,0,0,0,0,0
9150,9150,9150,9150,heating_com,heating_com_natural_gas,9,15,0,0,0,0,0,0,0
9150,9150,9150,9150,heating_com,heating_com_electricity,240,15,0,0,0,0,0,0,0
36095,36095,36095,36095,hot_water,hot_water_natural_gas,4843,13,0,0,0,0,0,0,0
36095,36095,36095,36095,hot_water,hot_water_electricity,7506,15,0,0,0,0,0,0,0
36095,36095,36095,36095,hvac,hvac_natural_gas,3632,15,0,0,0,0,0,0,0
36095,36095,36095,36095,hvac,hvac_heat_pump,2179,15,0,0,0,0,0,0,0
36095,36095,36095,36095,range_oven,range_oven_natural_gas,3874,21,0,0,0,0,0,0,0
36095,36095,36095,36095,range_oven,range_oven_electricity,7022,17,0,0,0,0,0,0,0
36095,36095,36095,36095,hot_water_com,hot_water_com_natural_gas,58,13,0,0,0,0,0,0,0
36095,36095,36095,36095,hot_water_com,hot_water_com_electricity,102,15,0,0,0,0,0,0,0
36095,36095,36095,36095,heating_com,heating_com_natural_gas,54,15,0,0,0,0,0,0,0
36095,36095,36095,36095,heating_com,heating_com_electricity,83,15,0,0,0,0,0,0,0
36099,36099,36099,36099,hot_water,hot_water_natural_gas,9685,13,0,0,0,0,0,0,0
36099,36099,36099,36099,hot_water,hot_water_electricity,4358,15,0,0,0,0,0,0,0
36099,36099,36099,36099,hvac,hvac_natural_gas,9443,15,0,0,0,0,0,0,0
36099,36099,36099,36099,hvac,hvac_heat_pump,1937,15,0,0,0,0,0,0,0
36099,36099,36099,36099,range_oven,range_oven_natural_gas,4358,21,0,0,0,0,0,0,0
36099,36099,36099,36099,range_oven,range_oven_electricity,8232,17,0,0,0,0,0,0,0
36099,36099,36099,36099,hot_water_com,hot_water_com_natural_gas,87,13,0,0,0,0,0,0,0
36099,36099,36099,36099,hot_water_com,hot_water_com_electricity,121,15,0,0,0,0,0,0,0
36099,36099,36099,36099,heating_com,heating_com_natural_gas,96,15,0,0,0,0,0,0,0
36099,36099,36099,36099,heating_com,heating_com_electricity,48,15,0,0,0,0,0,0,0
36037,36037,36037,36037,hot_water,hot_water_natural_gas,13317,13,0,0,0,0,0,0,0
36037,36037,36037,36037,hot_water,hot_water_electricity,6780,15,0,0,0,0,0,0,0
36037,36037,36037,36037,hvac,hvac_natural_gas,12591,15,0,0,0,0,0,0,0
36037,36037,36037,36037,hvac,hvac_heat_pump,3148,15,0,0,0,0,0,0,0
36037,36037,36037,36037,range_oven,range_oven_natural_gas,8232,21,0,0,0,0,0,0,0
36037,36037,36037,36037,range_oven,range_oven_electricity,11138,17,0,0,0,0,0,0,0
36037,36037,36037,36037,hot_water_com,hot_water_com_natural_gas,116,13,0,0,0,0,0,0,0
36037,36037,36037,36037,hot_water_com,hot_water_com_electricity,162,15,0,0,0,0,0,0,0
36037,36037,36037,36037,heating_com,heating_com_natural_gas,204,15,0,0,0,0,0,0,0
36037,36037,36037,36037,heating_com,heating_com_electricity,60,15,0,0,0,0,0,0,0
42057,42057,42057,42057,hot_water,hot_water_natural_gas,2179,13,0,0,0,0,0,0,0
42057,42057,42057,42057,hot_water,hot_water_electricity,2179,15,0,0,0,0,0,0,0
42057,42057,42057,42057,hvac,hvac_natural_gas,1211,15,0,0,0,0,0,0,0
42057,42057,42057,42057,hvac,hvac_heat_pump,969,15,0,0,0,0,0,0,0
42057,42057,42057,42057,range_oven,range_oven_natural_gas,1453,21,0,0,0,0,0,0,0
42057,42057,42057,42057,range_oven,range_oven_electricity,2421,17,0,0,0,0,0,0,0
42057,42057,42057,42057,hot_water_com,hot_water_com_natural_gas,13,13,0,0,0,0,0,0,0
42057,42057,42057,42057,hot_water_com,hot_water_com_electricity,27,15,0,0,0,0,0,0,0
42057,42057,42057,42057,heating_com,heating_com_natural_gas,0,15,0,0,0,0,0,0,0
42057,42057,42057,42057,heating_com,heating_com_electricity,26,15,0,0,0,0,0,0,0
42039,42039,42039,42039,hot_water,hot_water_natural_gas,25666,13,0,0,0,0,0,0,0
42039,42039,42039,42039,hot_water,hot_water_electricity,12591,15,0,0,0,0,0,0,0
42039,42039,42039,42039,hvac,hvac_natural_gas,24939,15,0,0,0,0,0,0,0
42039,42039,42039,42039,hvac,hvac_heat_pump,4600,15,0,0,0,0,0,0,0
42039,42039,42039,42039,range_oven,range_oven_natural_gas,13801,21,0,0,0,0,0,0,0
42039,42039,42039,42039,range_oven,range_oven_electricity,16465,17,0,0,0,0,0,0,0
42039,42039,42039,42039,hot_water_com,hot_water_com_natural_gas,107,13,0,0,0,0,0,0,0
42039,42039,42039,42039,hot_water_com,hot_water_com_electricity,176,15,0,0,0,0,0,0,0
42039,42039,42039,42039,heating_com,heating_com_natural_gas,189,15,0,0,0,0,0,0,0
42039,42039,42039,42039,heating_com,heating_com_electricity,82,15,0,0,0,0,0,0,0
36039,36039,36039,36039,hot_water,hot_water_natural_gas,6780,13,0,0,0,0,0,0,0
36039,36039,36039,36039,hot_water,hot_water_electricity,10654,15,0,0,0,0,0,0,0
36039,36039,36039,36039,hvac,hvac_natural_gas,4600,15,0,0,0,0,0,0,0
36039,36039,36039,36039,hvac,hvac_heat_pump,2906,15,0,0,0,0,0,0,0
36039,36039,36039,36039,range_oven,range_oven_natural_gas,3874,21,0,0,0,0,0,0,0
36039,36039,36039,36039,range_oven,range_oven_electricity,12349,17,0,0,0,0,0,0,0
36039,36039,36039,36039,hot_water_com,hot_water_com_natural_gas,61,13,0,0,0,0,0,0,0
36039,36039,36039,36039,hot_water_com,hot_water_com_electricity,289,15,0,0,0,0,0,0,0
36039,36039,36039,36039,heating_com,heating_com_natural_gas,44,15,0,0,0,0,0,0,0
36039,36039,36039,36039,heating_com,heating_com_electricity,212,15,0,0,0,0,0,0,0
42079,42079,42079,42079,hot_water,hot_water_natural_gas,71429,13,0,0,0,0,0,0,0
42079,42079,42079,42079,hot_water,hot_water_electricity,50605,15,0,0,0,0,0,0,0
42079,42079,42079,42079,hvac,hvac_natural_gas,70702,15,0,0,0,0,0,0,0
42079,42079,42079,42079,hvac,hvac_heat_pump,37046,15,0,0,0,0,0,0,0
42079,42079,42079,42079,range_oven,range_oven_natural_gas,48668,21,0,0,0,0,0,0,0
42079,42079,42079,42079,range_oven,range_oven_electricity,67070,17,0,0,0,0,0,0,0
42079,42079,42079,42079,hot_water_com,hot_water_com_natural_gas,475,13,0,0,0,0,0,0,0
42079,42079,42079,42079,hot_water_com,hot_water_com_electricity,944,15,0,0,0,0,0,0,0
42079,42079,42079,42079,heating_com,heating_com_natural_gas,655,15,0,0,0,0,0,0,0
42079,42079,42079,42079,heating_com,heating_com_electricity,723,15,0,0,0,0,0,0,0
42081,42081,42081,42081,hot_water,hot_water_natural_gas,17918,13,0,0,0,0,0,0,0
42081,42081,42081,42081,hot_water,hot_water_electricity,23245,15,0,0,0,0,0,0,0
42081,42081,42081,42081,hvac,hvac_natural_gas,15739,15,0,0,0,0,0,0,0
42081,42081,42081,42081,hvac,hvac_heat_pump,12349,15,0,0,0,0,0,0,0
42081,42081,42081,42081,range_oven,range_oven_natural_gas,9927,21,0,0,0,0,0,0,0
42081,42081,42081,42081,range_oven,range_oven_electricity,29540,17,0,0,0,0,0,0,0
42081,42081,42081,42081,hot_water_com,hot_water_com_natural_gas,288,13,0,0,0,0,0,0,0
42081,42081,42081,42081,hot_water_com,hot_water_com_electricity,516,15,0,0,0,0,0,0,0
42081,42081,42081,42081,heating_com,heating_com_natural_gas,261,15,0,0,0,0,0,0,0
42081,42081,42081,42081,heating_com,heating_com_electricity,512,15,0,0,0,0,0,0,0
42075,42075,42075,42075,hot_water,hot_water_natural_gas,22276,13,0,0,0,0,0,0,0
42075,42075,42075,42075,hot_water,hot_water_electricity,18886,15,0,0,0,0,0,0,0
42075,42075,42075,42075,hvac,hvac_natural_gas,17676,15,0,0,0,0,0,0,0
42075,42075,42075,42075,hvac,hvac_heat_pump,13317,15,0,0,0,0,0,0,0
42075,42075,42075,42075,range_oven,range_oven_natural_gas,17191,21,0,0,0,0,0,0,0
42075,42075,42075,42075,range_oven,range_oven_electricity,29298,17,0,0,0,0,0,0,0
42075,42075,42075,42075,hot_water_com,hot_water_com_natural_gas,115,13,0,0,0,0,0,0,0
42075,42075,42075,42075,hot_water_com,hot_water_com_electricity,234,15,0,0,0,0,0,0,0
42075,42075,42075,42075,heating_com,heating_com_natural_gas,101,15,0,0,0,0,0,0,0
42075,42075,42075,42075,heating_com,heating_com_electricity,185,15,0,0,0,0,0,0,0
42019,42019,42019,42019,hot_water,hot_water_natural_gas,54722,13,0,0,0,0,0,0,0
42019,42019,42019,42019,hot_water,hot_water_electricity,18886,15,0,0,0,0,0,0,0
42019,42019,42019,42019,hvac,hvac_natural_gas,54237,15,0,0,0,0,0,0,0
42019,42019,42019,42019,hvac,hvac_heat_pump,15012,15,0,0,0,0,0,0,0
42019,42019,42019,42019,range_oven,range_oven_natural_gas,37288,21,0,0,0,0,0,0,0
42019,42019,42019,42019,range_oven,range_oven_electricity,31961,17,0,0,0,0,0,0,0
42019,42019,42019,42019,hot_water_com,hot_water_com_natural_gas,352,13,0,0,0,0,0,0,0
42019,42019,42019,42019,hot_water_com,hot_water_com_electricity,461,15,0,0,0,0,0,0,0
42019,42019,42019,42019,heating_com,heating_com_natural_gas,624,15,0,0,0,0,0,0,0
42019,42019,42019,42019,heating_com,heating_com_electricity,350,15,0,0,0,0,0,0,0
42021,42021,42021,42021,hot_water,hot_water_natural_gas,32203,13,0,0,0,0,0,0,0
42021,42021,42021,42021,hot_water,hot_water_electricity,20823,15,0,0,0,0,0,0,0
42021,42021,42021,42021,hvac,hvac_natural_gas,30266,15,0,0,0,0,0,0,0
42021,42021,42021,42021,hvac,hvac_heat_pump,8232,15,0,0,0,0,0,0,0
42021,42021,42021,42021,range_oven,range_oven_natural_gas,20339,21,0,0,0,0,0,0,0
42021,42021,42021,42021,range_oven,range_oven_electricity,30024,17,0,0,0,0,0,0,0
42021,42021,42021,42021,hot_water_com,hot_water_com_natural_gas,259,13,0,0,0,0,0,0,0
42021,42021,42021,42021,hot_water_com,hot_water_com_electricity,326,15,0,0,0,0,0,0,0
42021,42021,42021,42021,heating_com,heating_com_natural_gas,319,15,0,0,0,0,0,0,0
42021,42021,42021,42021,heating_com,heating_com_electricity,142,15,0,0,0,0,0,0,0
34037,34037,34037,34037,hot_water,hot_water_natural_gas,16949,13,0,0,0,0,0,0,0
34037,34037,34037,34037,hot_water,hot_water_electricity,23002,15,0,0,0,0,0,0,0
34037,34037,34037,34037,hvac,hvac_natural_gas,11864,15,0,0,0,0,0,0,0
34037,34037,34037,34037,hvac,hvac_heat_pump,8475,15,0,0,0,0,0,0,0
34037,34037,34037,34037,range_oven,range_oven_natural_gas,9443,21,0,0,0,0,0,0,0
34037,34037,34037,34037,range_oven,range_oven_electricity,33656,17,0,0,0,0,0,0,0
34037,34037,34037,34037,hot_water_com,hot_water_com_natural_gas,76,13,0,0,0,0,0,0,0
34037,34037,34037,34037,hot_water_com,hot_water_com_electricity,425,15,0,0,0,0,0,0,0
34037,34037,34037,34037,heating_com,heating_com_natural_gas,83,15,0,0,0,0,0,0,0
34037,34037,34037,34037,heating_com,heating_com_electricity,298,15,0,0,0,0,0,0,0
42121,42121,42121,42121,hot_water,hot_water_natural_gas,18160,13,0,0,0,0,0,0,0
42121,42121,42121,42121,hot_water,hot_water_electricity,6538,15,0,0,0,0,0,0,0
42121,42121,42121,42121,hvac,hvac_natural_gas,19370,15,0,0,0,0,0,0,0
42121,42121,42121,42121,hvac,hvac_heat_pump,2421,15,0,0,0,0,0,0,0
42121,42121,42121,42121,range_oven,range_oven_natural_gas,12107,21,0,0,0,0,0,0,0
42121,42121,42121,42121,range_oven,range_oven_electricity,6780,17,0,0,0,0,0,0,0
42121,42121,42121,42121,hot_water_com,hot_water_com_natural_gas,91,13,0,0,0,0,0,0,0
42121,42121,42121,42121,hot_water_com,hot_water_com_electricity,96,15,0,0,0,0,0,0,0
42121,42121,42121,42121,heating_com,heating_com_natural_gas,167,15,0,0,0,0,0,0,0
42121,42121,42121,42121,heating_com,heating_com_electricity,32,15,0,0,0,0,0,0,0
44009,44009,44009,44009,hot_water,hot_water_natural_gas,21550,13,0,0,0,0,0,0,0
44009,44009,44009,44009,hot_water,hot_water_electricity,20339,15,0,0,0,0,0,0,0
44009,44009,44009,44009,hvac,hvac_natural_gas,18402,15,0,0,0,0,0,0,0
44009,44009,44009,44009,hvac,hvac_heat_pump,7990,15,0,0,0,0,0,0,0
44009,44009,44009,44009,range_oven,range_oven_natural_gas,13075,21,0,0,0,0,0,0,0
44009,44009,44009,44009,range_oven,range_oven_electricity,30024,17,0,0,0,0,0,0,0
44009,44009,44009,44009,hot_water_com,hot_water_com_natural_gas,77,13,0,0,0,0,0,0,0
44009,44009,44009,44009,hot_water_com,hot_water_com_electricity,297,15,0,0,0,0,0,0,0
44009,44009,44009,44009,heating_com,heating_com_natural_gas,97,15,0,0,0,0,0,0,0
44009,44009,44009,44009,heating_com,heating_com_electricity,194,15,0,0,0,0,0,0,0
25021,25021,25021,25021,hot_water,hot_water_natural_gas,161501,13,0,0,0,0,0,0,0
25021,25021,25021,25021,hot_water,hot_water_electricity,60048,15,0,0,0,0,0,0,0
25021,25021,25021,25021,hvac,hvac_natural_gas,155448,15,0,0,0,0,0,0,0
25021,25021,25021,25021,hvac,hvac_heat_pump,42857,15,0,0,0,0,0,0,0
25021,25021,25021,25021,range_oven,range_oven_natural_gas,110896,21,0,0,0,0,0,0,0
25021,25021,25021,25021,range_oven,range_oven_electricity,131719,17,0,0,0,0,0,0,0
25021,25021,25021,25021,hot_water_com,hot_water_com_natural_gas,1029,13,0,0,0,0,0,0,0
25021,25021,25021,25021,hot_water_com,hot_water_com_electricity,1667,15,0,0,0,0,0,0,0
25021,25021,25021,25021,heating_com,heating_com_natural_gas,1595,15,0,0,0,0,0,0,0
25021,25021,25021,25021,heating_com,heating_com_electricity,859,15,0,0,0,0,0,0,0
36089,36089,36089,36089,hot_water,hot_water_natural_gas,19128,13,0,0,0,0,0,0,0
36089,36089,36089,36089,hot_water,hot_water_electricity,18886,15,0,0,0,0,0,0,0
36089,36089,36089,36089,hvac,hvac_natural_gas,19128,15,0,0,0,0,0,0,0
36089,36089,36089,36089,hvac,hvac_heat_pump,5811,15,0,0,0,0,0,0,0
36089,36089,36089,36089,range_oven,range_oven_natural_gas,14528,21,0,0,0,0,0,0,0
36089,36089,36089,36089,range_oven,range_oven_electricity,20823,17,0,0,0,0,0,0,0
36089,36089,36089,36089,hot_water_com,hot_water_com_natural_gas,160,13,0,0,0,0,0,0,0
36089,36089,36089,36089,hot_water_com,hot_water_com_electricity,248,15,0,0,0,0,0,0,0
36089,36089,36089,36089,heating_com,heating_com_natural_gas,204,15,0,0,0,0,0,0,0
36089,36089,36089,36089,heating_com,heating_com_electricity,101,15,0,0,0,0,0,0,0
42109,42109,42109,42109,hot_water,hot_water_natural_gas,3390,13,0,0,0,0,0,0,0
42109,42109,42109,42109,hot_water,hot_water_electricity,10654,15,0,0,0,0,0,0,0
42109,42109,42109,42109,hvac,hvac_natural_gas,2179,15,0,0,0,0,0,0,0
42109,42109,42109,42109,hvac,hvac_heat_pump,6538,15,0,0,0,0,0,0,0
42109,42109,42109,42109,range_oven,range_oven_natural_gas,3632,21,0,0,0,0,0,0,0
42109,42109,42109,42109,range_oven,range_oven_electricity,8232,17,0,0,0,0,0,0,0
42109,42109,42109,42109,hot_water_com,hot_water_com_natural_gas,50,13,0,0,0,0,0,0,0
42109,42109,42109,42109,hot_water_com,hot_water_com_electricity,154,15,0,0,0,0,0,0,0
42109,42109,42109,42109,heating_com,heating_com_natural_gas,16,15,0,0,0,0,0,0,0
42109,42109,42109,42109,heating_com,heating_com_electricity,195,15,0,0,0,0,0,0,0
42001,42001,42001,42001,hot_water,hot_water_natural_gas,12349,13,0,0,0,0,0,0,0
42001,42001,42001,42001,hot_water,hot_water_electricity,20823,15,0,0,0,0,0,0,0
42001,42001,42001,42001,hvac,hvac_natural_gas,10412,15,0,0,0,0,0,0,0
42001,42001,42001,42001,hvac,hvac_heat_pump,15496,15,0,0,0,0,0,0,0
42001,42001,42001,42001,range_oven,range_oven_natural_gas,10654,21,0,0,0,0,0,0,0
42001,42001,42001,42001,range_oven,range_oven_electricity,23729,17,0,0,0,0,0,0,0
42001,42001,42001,42001,hot_water_com,hot_water_com_natural_gas,70,13,0,0,0,0,0,0,0
42001,42001,42001,42001,hot_water_com,hot_water_com_electricity,179,15,0,0,0,0,0,0,0
42001,42001,42001,42001,heating_com,heating_com_natural_gas,75,15,0,0,0,0,0,0,0
42001,42001,42001,42001,heating_com,heating_com_electricity,213,15,0,0,0,0,0,0,0
25003,25003,25003,25003,hot_water,hot_water_natural_gas,31235,13,0,0,0,0,0,0,0
25003,25003,25003,25003,hot_water,hot_water_electricity,17676,15,0,0,0,0,0,0,0
25003,25003,25003,25003,hvac,hvac_natural_gas,29056,15,0,0,0,0,0,0,0
25003,25003,25003,25003,hvac,hvac_heat_pump,6295,15,0,0,0,0,0,0,0
25003,25003,25003,25003,range_oven,range_oven_natural_gas,20097,21,0,0,0,0,0,0,0
25003,25003,25003,25003,range_oven,range_oven_electricity,27361,17,0,0,0,0,0,0,0
25003,25003,25003,25003,hot_water_com,hot_water_com_natural_gas,320,13,0,0,0,0,0,0,0
25003,25003,25003,25003,hot_water_com,hot_water_com_electricity,697,15,0,0,0,0,0,0,0
25003,25003,25003,25003,heating_com,heating_com_natural_gas,397,15,0,0,0,0,0,0,0
25003,25003,25003,25003,heating_com,heating_com_electricity,309,15,0,0,0,0,0,0,0
42025,42025,42025,42025,hot_water,hot_water_natural_gas,7022,13,0,0,0,0,0,0,0
42025,42025,42025,42025,hot_water,hot_water_electricity,16223,15,0,0,0,0,0,0,0
42025,42025,42025,42025,hvac,hvac_natural_gas,3874,15,0,0,0,0,0,0,0
42025,42025,42025,42025,hvac,hvac_heat_pump,9443,15,0,0,0,0,0,0,0
42025,42025,42025,42025,range_oven,range_oven_natural_gas,6295,21,0,0,0,0,0,0,0
42025,42025,42025,42025,range_oven,range_oven_electricity,18402,17,0,0,0,0,0,0,0
42025,42025,42025,42025,hot_water_com,hot_water_com_natural_gas,76,13,0,0,0,0,0,0,0
42025,42025,42025,42025,hot_water_com,hot_water_com_electricity,126,15,0,0,0,0,0,0,0
42025,42025,42025,42025,heating_com,heating_com_natural_gas,42,15,0,0,0,0,0,0,0
42025,42025,42025,42025,heating_com,heating_com_electricity,103,15,0,0,0,0,0,0,0
42131,42131,42131,42131,hot_water,hot_water_natural_gas,7264,13,0,0,0,0,0,0,0
42131,42131,42131,42131,hot_water,hot_water_electricity,4116,15,0,0,0,0,0,0,0
42131,42131,42131,42131,hvac,hvac_natural_gas,6780,15,0,0,0,0,0,0,0
42131,42131,42131,42131,hvac,hvac_heat_pump,1937,15,0,0,0,0,0,0,0
42131,42131,42131,42131,range_oven,range_oven_natural_gas,4600,21,0,0,0,0,0,0,0
42131,42131,42131,42131,range_oven,range_oven_electricity,5327,17,0,0,0,0,0,0,0
42131,42131,42131,42131,hot_water_com,hot_water_com_natural_gas,14,13,0,0,0,0,0,0,0
42131,42131,42131,42131,hot_water_com,hot_water_com_electricity,31,15,0,0,0,0,0,0,0
42131,42131,42131,42131,heating_com,heating_com_natural_gas,35,15,0,0,0,0,0,0,0
42131,42131,42131,42131,heating_com,heating_com_electricity,23,15,0,0,0,0,0,0,0
36049,36049,36049,36049,hot_water,hot_water_natural_gas,5811,13,0,0,0,0,0,0,0
36049,36049,36049,36049,hot_water,hot_water_electricity,5085,15,0,0,0,0,0,0,0
36049,36049,36049,36049,hvac,hvac_natural_gas,5569,15,0,0,0,0,0,0,0
36049,36049,36049,36049,hvac,hvac_heat_pump,1937,15,0,0,0,0,0,0,0
36049,36049,36049,36049,range_oven,range_oven_natural_gas,1453,21,0,0,0,0,0,0,0
36049,36049,36049,36049,range_oven,range_oven_electricity,5811,17,0,0,0,0,0,0,0
36049,36049,36049,36049,hot_water_com,hot_water_com_natural_gas,29,13,0,0,0,0,0,0,0
36049,36049,36049,36049,hot_water_com,hot_water_com_electricity,87,15,0,0,0,0,0,0,0
36049,36049,36049,36049,heating_com,heating_com_natural_gas,54,15,0,0,0,0,0,0,0
36049,36049,36049,36049,heating_com,heating_com_electricity,12,15,0,0,0,0,0,0,0