NodeELEC,NodeGAS,GenID,PrimeMover,Fuel,ExistingUnits,UnitSize,MaxNewAnnual,MaxNewTotal,Pmin,Pmax,RampDown,RampUp,MinUp,MinDown,isRenewable,HeatRate,isNGFueled,EmissionsFactor,StartupCost,EconomicLifetime,Lifetime,StartupFuel,InstallYear,ForcedRetirement
36067,36067,CS000,Natural gas CCS,Natural gas,0,700,100,500,0,1,1,1,7,5,0,7.54,1,0,0,55,55,0,0,0
36067,36067,CC000,Natural gas CC,Natural gas,0.32,700,100,500,0,1,1,1,7,5,0,7.54,1,0,0,55,55,0,0,0
36067,36067,CT000,Natural gas CT,Natural gas,0,100,100,500,0,0.8,1,1,2,1,0,10.98,1,0,0,55,55,0,0,0
36067,36067,GT000,Geothermal,Geothermal,0,50,100,500,0,0.9,1,1,1,1,1,0,0,0,0,30,30,0,0,0
36067,36067,BP000,Biopower,Biomass,0.4,100,100,500,0,0.84,1,1,1,1,1,14.5,0,0,0,45,45,0,0,0
36067,36067,NC000,Nuclear,Nuclear,0,1000,100,500,0.7,0.93,0.2,0.2,36,36,1,10.4,0,0,0,80,80,0,0,0
36067,36067,HD000,Hydro,Hydro,0.03,100,0,500,0,1,1,1,1,1,1,0,0,0,0,100,100,0,0,0
36067,36067,WD000,Onshore wind,Wind,0,100,5,8,0,1,1,1,1,1,1,0,0,0,0,30,30,0,0,0
36067,36067,SL000,Solar,Solar,0.98,50,10,230,0,1,1,1,1,1,1,0,0,0,0,30,30,0,0,0
36071,36071,CS001,Natural gas CCS,Natural gas,0,700,100,500,0,1,1,1,7,5,0,7.54,1,0,0,55,55,0,0,0
36071,36071,CC001,Natural gas CC,Natural gas,3.63,700,100,500,0,1,1,1,7,5,0,7.54,1,0,0,55,55,0,0,0
36071,36071,CT001,Natural gas CT,Natural gas,0.42,100,100,500,0,0.8,1,1,2,1,0,10.98,1,0,0,55,55,0,0,0
36071,36071,GT001,Geothermal,Geothermal,0,50,100,500,0,0.9,1,1,1,1,1,0,0,0,0,30,30,0,0,0
36071,36071,NC001,Nuclear,Nuclear,0,1000,100,500,0.7,0.93,0.2,0.2,36,36,1,10.4,0,0,0,80,80,0,0,0
36071,36071,HD001,Hydro,Hydro,0.02,100,0,500,0,1,1,1,1,1,1,0,0,0,0,100,100,0,0,0
36071,36071,WD001,Onshore wind,Wind,0,100,4,4,0,1,1,1,1,1,1,0,0,0,0,30,30,0,0,0
36071,36071,SL001,Solar,Solar,1.92,50,10,239,0,1,1,1,1,1,1,0,0,0,0,30,30,0,0,0
36017,36017,CS002,Natural gas CCS,Natural gas,0,700,100,500,0,1,1,1,7,5,0,7.54,1,0,0,55,55,0,0,0
36017,36017,CC002,Natural gas CC,Natural gas,0,700,100,500,0,1,1,1,7,5,0,7.54,1,0,0,55,55,0,0,0
36017,36017,CT002,Natural gas CT,Natural gas,0,100,100,500,0,0.8,1,1,2,1,0,10.98,1,0,0,55,55,0,0,0
36017,36017,GT002,Geothermal,Geothermal,0,50,100,500,0,0.9,1,1,1,1,1,0,0,0,0,30,30,0,0,0
36017,36017,NC002,Nuclear,Nuclear,0,1000,100,500,0.7,0.93,0.2,0.2,36,36,1,10.4,0,0,0,80,80,0,0,0
36017,36017,WD002,Onshore wind,Wind,0,100,5,43,0,1,1,1,1,1,1,0,0,0,0,30,30,0,0,0
36017,36017,SL002,Solar,Solar,0.67,50,10,441,0,1,1,1,1,1,1,0,0,0,0,30,30,0,0,0
25001,25001,CS003,Natural gas CCS,Natural gas,0,700,100,500,0,1,1,1,7,5,0,7.54,1,0,0,55,55,0,0,0
25001,25001,CC003,Natural gas CC,Natural gas,0,700,100,500,0,1,1,1,7,5,0,7.54,1,0,0,55,55,0,0,0
25001,25001,CT003,Natural gas CT,Natural gas,0,100,100,500,0,0.8,1,1,2,1,0,10.98,1,0,0,55,55,0,0,0
25001,25001,PT003,Petroleum CT,Petroleum,11.65,100,100,500,0,0.8,1,1,2,1,0,10.98,0,0,0,55,55,0,0,0
25001,25001,GT003,Geothermal,Geothermal,0,50,100,500,0,0.9,1,1,1,1,1,0,0,0,0,30,30,0,0,0
25001,25001,NC003,Nuclear,Nuclear,0,1000,100,500,0.7,0.93,0.2,0.2,36,36,1,10.4,0,0,0,80,80,0,0,0
25001,25001,WD003,Onshore wind,Wind,0.1,100,1,1,0,1,1,1,1,1,1,0,0,0,0,30,30,0,0,0
25001,25001,SL003,Solar,Solar,0.91,50,10,94,0,1,1,1,1,1,1,0,0,0,0,30,30,0,0,0
25013,25013,CS004,Natural gas CCS,Natural gas,0,700,100,500,0,1,1,1,7,5,0,7.54,1,0,0,55,55,0,0,0
25013,25013,CC004,Natural gas CC,Natural gas,0.79,700,100,500,0,1,1,1,7,5,0,7.54,1,0,0,55,55,0,0,0
25013,25013,CT004,Natural gas CT,Natural gas,0,100,100,500,0,0.8,1,1,2,1,0,10.98,1,0,0,55,55,0,0,0
25013,25013,PT004,Petroleum CT,Petroleum,5.39,100,100,500,0,0.8,1,1,2,1,0,10.98,0,0,0,55,55,0,0,0
25013,25013,GT004,Geothermal,Geothermal,0,50,100,500,0,0.9,1,1,1,1,1,0,0,0,0,30,30,0,0,0
25013,25013,BP004,Biopower,Biomass,0.08,100,100,500,0,0.84,1,1,1,1,1,14.5,0,0,0,45,45,0,0,0
25013,25013,NC004,Nuclear,Nuclear,0,1000,100,500,0.7,0.93,0.2,0.2,36,36,1,10.4,0,0,0,80,80,0,0,0
25013,25013,HD004,Hydro,Hydro,0.98,100,0,500,0,1,1,1,1,1,1,0,0,0,0,100,100,0,0,0
25013,25013,WD004,Onshore wind,Wind,0.05,100,4,4,0,1,1,1,1,1,1,0,0,0,0,30,30,0,0,0
25013,25013,SL004,Solar,Solar,3.27,50,10,245,0,1,1,1,1,1,1,0,0,0,0,30,30,0,0,0
34011,34011,CS005,Natural gas CCS,Natural gas,0,700,100,500,0,1,1,1,7,5,0,7.54,1,0,0,55,55,0,0,0
34011,34011,CC005,Natural gas CC,Natural gas,0,700,100,500,0,1,1,1,7,5,0,7.54,1,0,0,55,55,0,0,0
34011,34011,CT005,Natural gas CT,Natural gas,5.69,100,100,500,0,0.8,1,1,2,1,0,10.98,1,0,0,55,55,0,0,0
34011,34011,GT005,Geothermal,Geothermal,0,50,100,500,0,0.9,1,1,1,1,1,0,0,0,0,30,30,0,0,0
34011,34011,BP005,Biopower,Biomass,0.05,100,100,500,0,0.84,1,1,1,1,1,14.5,0,0,0,45,45,0,0,0
34011,34011,NC005,Nuclear,Nuclear,0,1000,100,500,0.7,0.93,0.2,0.2,36,36,1,10.4,0,0,0,80,80,0,0,0
34011,34011,WD005,Onshore wind,Wind,0,100,5,10,0,1,1,1,1,1,1,0,0,0,0,30,30,0,0,0
34011,34011,SL005,Solar,Solar,0.97,50,10,133,0,1,1,1,1,1,1,0,0,0,0,30,30,0,0,0
34041,34041,CS006,Natural gas CCS,Natural gas,0,700,100,500,0,1,1,1,7,5,0,7.54,1,0,0,55,55,0,0,0
34041,34041,CC006,Natural gas CC,Natural gas,0.02,700,100,500,0,1,1,1,7,5,0,7.54,1,0,0,55,55,0,0,0
34041,34041,CT006,Natural gas CT,Natural gas,0,100,100,500,0,0.8,1,1,2,1,0,10.98,1,0,0,55,55,0,0,0
34041,34041,GT006,Geothermal,Geothermal,0,50,100,500,0,0.9,1,1,1,1,1,0,0,0,0,30,30,0,0,0
34041,34041,NC006,Nuclear,Nuclear,0,1000,100,500,0.7,0.93,0.2,0.2,36,36,1,10.4,0,0,0,80,80,0,0,0
34041,34041,WD006,Onshore wind,Wind,0,100,2,2,0,1,1,1,1,1,1,0,0,0,0,30,30,0,0,0
34041,34041,SL006,Solar,Solar,1.26,50,10,113,0,1,1,1,1,1,1,0,0,0,0,30,30,0,0,0
34005,34005,CS007,Natural gas CCS,Natural gas,0,700,100,500,0,1,1,1,7,5,0,7.54,1,0,0,55,55,0,0,0
34005,34005,CC007,Natural gas CC,Natural gas,0,700,100,500,0,1,1,1,7,5,0,7.54,1,0,0,55,55,0,0,0
34005,34005,CT007,Natural gas CT,Natural gas,2.46,100,100,500,0,0.8,1,1,2,1,0,10.98,1,0,0,55,55,0,0,0
34005,34005,GT007,Geothermal,Geothermal,0,50,100,500,0,0.9,1,1,1,1,1,0,0,0,0,30,30,0,0,0
34005,34005,NC007,Nuclear,Nuclear,0,1000,100,500,0.7,0.93,0.2,0.2,36,36,1,10.4,0,0,0,80,80,0,0,0
34005,34005,WD007,Onshore wind,Wind,0,100,5,11,0,1,1,1,1,1,1,0,0,0,0,30,30,0,0,0
34005,34005,SL007,Solar,Solar,3.64,50,10,154,0,1,1,1,1,1,1,0,0,0,0,30,30,0,0,0
34023,34023,CS008,Natural gas CCS,Natural gas,0,700,100,500,0,1,1,1,7,5,0,7.54,1,0,0,55,55,0,0,0
34023,34023,CC008,Natural gas CC,Natural gas,3.96,700,100,500,0,1,1,1,7,5,0,7.54,1,0,0,55,55,0,0,0
34023,34023,CT008,Natural gas CT,Natural gas,0.14,100,100,500,0,0.8,1,1,2,1,0,10.98,1,0,0,55,55,0,0,0
34023,34023,PT008,Petroleum CT,Petroleum,2.12,100,100,500,0,0.8,1,1,2,1,0,10.98,0,0,0,55,55,0,0,0
34023,34023,GT008,Geothermal,Geothermal,0,50,100,500,0,0.9,1,1,1,1,1,0,0,0,0,30,30,0,0,0
34023,34023,BP008,Biopower,Biomass,0.32,100,100,500,0,0.84,1,1,1,1,1,14.5,0,0,0,45,45,0,0,0
34023,34023,NC008,Nuclear,Nuclear,0,1000,100,500,0.7,0.93,0.2,0.2,36,36,1,10.4,0,0,0,80,80,0,0,0
34023,34023,WD008,Onshore wind,Wind,0,100,0,0,0,1,1,1,1,1,1,0,0,0,0,30,30,0,0,0
34023,34023,SL008,Solar,Solar,3.22,50,10,52,0,1,1,1,1,1,1,0,0,0,0,30,30,0,0,0
42045,42045,CS009,Natural gas CCS,Natural gas,0,700,100,500,0,1,1,1,7,5,0,7.54,1,0,0,55,55,0,0,0
42045,42045,CC009,Natural gas CC,Natural gas,3.29,700,100,500,0,1,1,1,7,5,0,7.54,1,0,0,55,55,0,0,0
42045,42045,CT009,Natural gas CT,Natural gas,0,100,100,500,0,0.8,1,1,2,1,0,10.98,1,0,0,55,55,0,0,0
42045,42045,PT009,Petroleum CT,Petroleum,1.35,100,100,500,0,0.8,1,1,2,1,0,10.98,0,0,0,55,55,0,0,0
42045,42045,GT009,Geothermal,Geothermal,0,50,100,500,0,0.9,1,1,1,1,1,0,0,0,0,30,30,0,0,0
42045,42045,BP009,Biopower,Biomass,0.9,100,100,500,0,0.84,1,1,1,1,1,14.5,0,0,0,45,45,0,0,0
42045,42045,NC009,Nuclear,Nuclear,0,1000,100,500,0.7,0.93,0.2,0.2,36,36,1,10.4,0,0,0,80,80,0,0,0
42045,42045,WD009,Onshore wind,Wind,0,100,0,0,0,1,1,1,1,1,1,0,0,0,0,30,30,0,0,0
42045,42045,SL009,Solar,Solar,0,50,10,29,0,1,1,1,1,1,1,0,0,0,0,30,30,0,0,0
42049,42049,CS010,Natural gas CCS,Natural gas,0,700,100,500,0,1,1,1,7,5,0,7.54,1,0,0,55,55,0,0,0
42049,42049,CC010,Natural gas CC,Natural gas,0,700,100,500,0,1,1,1,7,5,0,7.54,1,0,0,55,55,0,0,0
42049,42049,CT010,Natural gas CT,Natural gas,0,100,100,500,0,0.8,1,1,2,1,0,10.98,1,0,0,55,55,0,0,0
42049,42049,PT010,Petroleum CT,Petroleum,0.03,100,100,500,0,0.8,1,1,2,1,0,10.98,0,0,0,55,55,0,0,0
42049,42049,GT010,Geothermal,Geothermal,0,50,100,500,0,0.9,1,1,1,1,1,0,0,0,0,30,30,0,0,0
42049,42049,BP010,Biopower,Biomass,0.06,100,100,500,0,0.84,1,1,1,1,1,14.5,0,0,0,45,45,0,0,0
42049,42049,NC010,Nuclear,Nuclear,0,1000,100,500,0.7,0.93,0.2,0.2,36,36,1,10.4,0,0,0,80,80,0,0,0
42049,42049,WD010,Onshore wind,Wind,0,100,5,6,0,1,1,1,1,1,1,0,0,0,0,30,30,0,0,0
42049,42049,SL010,Solar,Solar,0,50,10,446,0,1,1,1,1,1,1,0,0,0,0,30,30,0,0,0
42059,42059,CS011,Natural gas CCS,Natural gas,0,700,100,500,0,1,1,1,7,5,0,7.54,1,0,0,55,55,0,0,0
42059,42059,CC011,Natural gas CC,Natural gas,0.95,700,100,500,0,1,1,1,7,5,0,7.54,1,0,0,55,55,0,0,0
42059,42059,CT011,Natural gas CT,Natural gas,0,100,100,500,0,0.8,1,1,2,1,0,10.98,1,0,0,55,55,0,0,0
42059,42059,GT011,Geothermal,Geothermal,0,50,100,500,0,0.9,1,1,1,1,1,0,0,0,0,30,30,0,0,0
42059,42059,NC011,Nuclear,Nuclear,0,1000,100,500,0.7,0.93,0.2,0.2,36,36,1,10.4,0,0,0,80,80,0,0,0
42059,42059,WD011,Onshore wind,Wind,0,100,5,18,0,1,1,1,1,1,1,0,0,0,0,30,30,0,0,0
42059,42059,SL011,Solar,Solar,0,50,10,146,0,1,1,1,1,1,1,0,0,0,0,30,30,0,0,0
25015,25015,CS012,Natural gas CCS,Natural gas,0,700,100,500,0,1,1,1,7,5,0,7.54,1,0,0,55,55,0,0,0
25015,25015,CC012,Natural gas CC,Natural gas,0,700,100,500,0,1,1,1,7,5,0,7.54,1,0,0,55,55,0,0,0
25015,25015,CT012,Natural gas CT,Natural gas,0.06,100,100,500,0,0.8,1,1,2,1,0,10.98,1,0,0,55,55,0,0,0
25015,25015,GT012,Geothermal,Geothermal,0,50,100,500,0,0.9,1,1,1,1,1,0,0,0,0,30,30,0,0,0
25015,25015,BP012,Biopower,Biomass,0.03,100,100,500,0,0.84,1,1,1,1,1,14.5,0,0,0,45,45,0,0,0
25015,25015,NC012,Nuclear,Nuclear,0,1000,100,500,0.7,0.93,0.2,0.2,36,36,1,10.4,0,0,0,80,80,0,0,0
25015,25015,WD012,Onshore wind,Wind,0,100,5,6,0,1,1,1,1,1,1,0,0,0,0,30,30,0,0,0
25015,25015,SL012,Solar,Solar,1.74,50,10,177,0,1,1,1,1,1,1,0,0,0,0,30,30,0,0,0
36053,36053,CS013,Natural gas CCS,Natural gas,0,700,100,500,0,1,1,1,7,5,0,7.54,1,0,0,55,55,0,0,0
36053,36053,CC013,Natural gas CC,Natural gas,0,700,100,500,0,1,1,1,7,5,0,7.54,1,0,0,55,55,0,0,0
36053,36053,CT013,Natural gas CT,Natural gas,0,100,100,500,0,0.8,1,1,2,1,0,10.98,1,0,0,55,55,0,0,0
36053,36053,GT013,Geothermal,Geothermal,0,50,100,500,0,0.9,1,1,1,1,1,0,0,0,0,30,30,0,0,0
36053,36053,NC013,Nuclear,Nuclear,0,1000,100,500,0.7,0.93,0.2,0.2,36,36,1,10.4,0,0,0,80,80,0,0,0
36053,36053,WD013,Onshore wind,Wind,0.76,100,5,13,0,1,1,1,1,1,1,0,0,0,0,30,30,0,0,0
36053,36053,SL013,Solar,Solar,0.45,50,10,203,0,1,1,1,1,1,1,0,0,0,0,30,30,0,0,0
36077,36077,CS014,Natural gas CCS,Natural gas,0,700,100,500,0,1,1,1,7,5,0,7.54,1,0,0,55,55,0,0,0
36077,36077,CC014,Natural gas CC,Natural gas,0,700,100,500,0,1,1,1,7,5,0,7.54,1,0,0,55,55,0,0,0
36077,36077,CT014,Natural gas CT,Natural gas,0,100,100,500,0,0.8,1,1,2,1,0,10.98,1,0,0,55,55,0,0,0
36077,36077,GT014,Geothermal,Geothermal,0,50,100,500,0,0.9,1,1,1,1,1,0,0,0,0,30,30,0,0,0
36077,36077,NC014,Nuclear,Nuclear,0,1000,100,500,0.7,0.93,0.2,0.2,36,36,1,10.4,0,0,0,80,80,0,0,0
36077,36077,HD014,Hydro,Hydro,0.01,100,0,500,0,1,1,1,1,1,1,0,0,0,0,100,100,0,0,0
36077,36077,WD014,Onshore wind,Wind,0,100,5,45,0,1,1,1,1,1,1,0,0,0,0,30,30,0,0,0
36077,36077,SL014,Solar,Solar,0.04,50,10,348,0,1,1,1,1,1,1,0,0,0,0,30,30,0,0,0
36051,36051,CS015,Natural gas CCS,Natural gas,0,700,100,500,0,1,1,1,7,5,0,7.54,1,0,0,55,55,0,0,0
36051,36051,CC015,Natural gas CC,Natural gas,0,700,100,500,0,1,1,1,7,5,0,7.54,1,0,0,55,55,0,0,0
36051,36051,CT015,Natural gas CT,Natural gas,0,100,100,500,0,0.8,1,1,2,1,0,10.98,1,0,0,55,55,0,0,0
36051,36051,GT015,Geothermal,Geothermal,0,50,100,500,0,0.9,1,1,1,1,1,0,0,0,0,30,30,0,0,0
36051,36051,NC015,Nuclear,Nuclear,0,1000,100,500,0.7,0.93,0.2,0.2,36,36,1,10.4,0,0,0,80,80,0,0,0
36051,36051,WD015,Onshore wind,Wind,0,100,5,24,0,1,1,1,1,1,1,0,0,0,0,30,30,0,0,0
36051,36051,SL015,Solar,Solar,0.42,50,10,189,0,1,1,1,1,1,1,0,0,0,0,30,30,0,0,0
42071,42071,CS016,Natural gas CCS,Natural gas,0,700,100,500,0,1,1,1,7,5,0,7.54,1,0,0,55,55,0,0,0
42071,42071,CC016,Natural gas CC,Natural gas,0,700,100,500,0,1,1,1,7,5,0,7.54,1,0,0,55,55,0,0,0
42071,42071,CT016,Natural gas CT,Natural gas,0,100,100,500,0,0.8,1,1,2,1,0,10.98,1,0,0,55,55,0,0,0
42071,42071,PT016,Petroleum CT,Petroleum,0.05,100,100,500,0,0.8,1,1,2,1,0,10.98,0,0,0,55,55,0,0,0
42071,42071,GT016,Geothermal,Geothermal,0,50,100,500,0,0.9,1,1,1,1,1,0,0,0,0,30,30,0,0,0
42071,42071,BP016,Biopower,Biomass,0.56,100,100,500,0,0.84,1,1,1,1,1,14.5,0,0,0,45,45,0,0,0
42071,42071,NC016,Nuclear,Nuclear,0,1000,100,500,0.7,0.93,0.2,0.2,36,36,1,10.4,0,0,0,80,80,0,0,0
42071,42071,HD016,Hydro,Hydro,6.65,100,0,500,0,1,1,1,1,1,1,0,0,0,0,100,100,0,0,0
42071,42071,WD016,Onshore wind,Wind,0.03,100,5,13,0,1,1,1,1,1,1,0,0,0,0,30,30,0,0,0
42071,42071,SL016,Solar,Solar,0.23,50,10,174,0,1,1,1,1,1,1,0,0,0,0,30,30,0,0,0
42043,42043,CS017,Natural gas CCS,Natural gas,0,700,100,500,0,1,1,1,7,5,0,7.54,1,0,0,55,55,0,0,0
42043,42043,CC017,Natural gas CC,Natural gas,0,700,100,500,0,1,1,1,7,5,0,7.54,1,0,0,55,55,0,0,0
42043,42043,CT017,Natural gas CT,Natural gas,0.01,100,100,500,0,0.8,1,1,2,1,0,10.98,1,0,0,55,55,0,0,0
42043,42043,GT017,Geothermal,Geothermal,0,50,100,500,0,0.9,1,1,1,1,1,0,0,0,0,30,30,0,0,0
42043,42043,BP017,Biopower,Biomass,0.24,100,100,500,0,0.84,1,1,1,1,1,14.5,0,0,0,45,45,0,0,0
42043,42043,NC017,Nuclear,Nuclear,0,1000,100,500,0.7,0.93,0.2,0.2,36,36,1,10.4,0,0,0,80,80,0,0,0
42043,42043,WD017,Onshore wind,Wind,0,100,5,14,0,1,1,1,1,1,1,0,0,0,0,30,30,0,0,0
42043,42043,SL017,Solar,Solar,0,50,10,142,0,1,1,1,1,1,1,0,0,0,0,30,30,0,0,0
42067,42067,CS018,Natural gas CCS,Natural gas,0,700,100,500,0,1,1,1,7,5,0,7.54,1,0,0,55,55,0,0,0
42067,42067,CC018,Natural gas CC,Natural gas,0,700,100,500,0,1,1,1,7,5,0,7.54,1,0,0,55,55,0,0,0
42067,42067,CT018,Natural gas CT,Natural gas,0,100,100,500,0,0.8,1,1,2,1,0,10.98,1,0,0,55,55,0,0,0
42067,42067,GT018,Geothermal,Geothermal,0,50,100,500,0,0.9,1,1,1,1,1,0,0,0,0,30,30,0,0,0
42067,42067,NC018,Nuclear,Nuclear,0,1000,100,500,0.7,0.93,0.2,0.2,36,36,1,10.4,0,0,0,80,80,0,0,0
42067,42067,WD018,Onshore wind,Wind,0,100,5,5,0,1,1,1,1,1,1,0,0,0,0,30,30,0,0,0
42067,42067,SL018,Solar,Solar,0,50,10,142,0,1,1,1,1,1,1,0,0,0,0,30,30,0,0,0
42027,42027,CS019,Natural gas CCS,Natural gas,0,700,100,500,0,1,1,1,7,5,0,7.54,1,0,0,55,55,0,0,0
42027,42027,CC019,Natural gas CC,Natural gas,0.01,700,100,500,0,1,1,1,7,5,0,7.54,1,0,0,55,55,0,0,0
42027,42027,CT019,Natural gas CT,Natural gas,0.13,100,100,500,0,0.8,1,1,2,1,0,10.98,1,0,0,55,55,0,0,0
42027,42027,GT019,Geothermal,Geothermal,0,50,100,500,0,0.9,1,1,1,1,1,0,0,0,0,30,30,0,0,0
42027,42027,NC019,Nuclear,Nuclear,0,1000,100,500,0.7,0.93,0.2,0.2,36,36,1,10.4,0,0,0,80,80,0,0,0
42027,42027,WD019,Onshore wind,Wind,0.88,100,5,20,0,1,1,1,1,1,1,0,0,0,0,30,30,0,0,0
42027,42027,SL019,Solar,Solar,0.03,50,10,545,0,1,1,1,1,1,1,0,0,0,0,30,30,0,0,0
42035,42035,CS020,Natural gas CCS,Natural gas,0,700,100,500,0,1,1,1,7,5,0,7.54,1,0,0,55,55,0,0,0
42035,42035,CC020,Natural gas CC,Natural gas,0,700,100,500,0,1,1,1,7,5,0,7.54,1,0,0,55,55,0,0,0
42035,42035,CT020,Natural gas CT,Natural gas,0,100,100,500,0,0.8,1,1,2,1,0,10.98,1,0,0,55,55,0,0,0
42035,42035,GT020,Geothermal,Geothermal,0,50,100,500,0,0.9,1,1,1,1,1,0,0,0,0,30,30,0,0,0
42035,42035,NC020,Nuclear,Nuclear,0,1000,100,500,0.7,0.93,0.2,0.2,36,36,1,10.4,0,0,0,80,80,0,0,0
42035,42035,WD020,Onshore wind,Wind,0,100,5,31,0,1,1,1,1,1,1,0,0,0,0,30,30,0,0,0
42035,42035,SL020,Solar,Solar,0,50,10,405,0,1,1,1,1,1,1,0,0,0,0,30,30,0,0,0
42063,42063,CS021,Natural gas CCS,Natural gas,0,700,100,500,0,1,1,1,7,5,0,7.54,1,0,0,55,55,0,0,0
42063,42063,CC021,Natural gas CC,Natural gas,0,700,100,500,0,1,1,1,7,5,0,7.54,1,0,0,55,55,0,0,0
42063,42063,CT021,Natural gas CT,Natural gas,0.24,100,100,500,0,0.8,1,1,2,1,0,10.98,1,0,0,55,55,0,0,0
42063,42063,CL021,Coal IGCC,Coal,5.33,600,100,500,0,0.85,1,1,7,5,0,9.2,0,0,4788,70,70,0,0,0
42063,42063,GT021,Geothermal,Geothermal,0,50,100,500,0,0.9,1,1,1,1,1,0,0,0,0,30,30,0,0,0
42063,42063,NC021,Nuclear,Nuclear,0,1000,100,500,0.7,0.93,0.2,0.2,36,36,1,10.4,0,0,0,80,80,0,0,0
42063,42063,WD021,Onshore wind,Wind,0,100,5,24,0,1,1,1,1,1,1,0,0,0,0,30,30,0,0,0
42063,42063,SL021,Solar,Solar,0,50,10,363,0,1,1,1,1,1,1,0,0,0,0,30,30,0,0,0
42099,42099,CS022,Natural gas CCS,Natural gas,0,700,100,500,0,1,1,1,7,5,0,7.54,1,0,0,55,55,0,0,0
42099,42099,CC022,Natural gas CC,Natural gas,0,700,100,500,0,1,1,1,7,5,0,7.54,1,0,0,55,55,0,0,0
42099,42099,CT022,Natural gas CT,Natural gas,0,100,100,500,0,0.8,1,1,2,1,0,10.98,1,0,0,55,55,0,0,0
42099,42099,GT022,Geothermal,Geothermal,0,50,100,500,0,0.9,1,1,1,1,1,0,0,0,0,30,30,0,0,0
42099,42099,NC022,Nuclear,Nuclear,0,1000,100,500,0.7,0.93,0.2,0.2,36,36,1,10.4,0,0,0,80,80,0,0,0
42099,42099,WD022,Onshore wind,Wind,0,100,5,16,0,1,1,1,1,1,1,0,0,0,0,30,30,0,0,0
42099,42099,SL022,Solar,Solar,0,50,10,165,0,1,1,1,1,1,1,0,0,0,0,30,30,0,0,0
9110,9110,CS023,Natural gas CCS,Natural gas,0,700,100,500,0,1,1,1,7,5,0,7.54,1,0,0,55,55,0,0,0
9110,9110,CC023,Natural gas CC,Natural gas,0.17,700,100,500,0,1,1,1,7,5,0,7.54,1,0,0,55,55,0,0,0
9110,9110,CT023,Natural gas CT,Natural gas,0.39,100,100,500,0,0.8,1,1,2,1,0,10.98,1,0,0,55,55,0,0,0
9110,9110,GT023,Geothermal,Geothermal,0,50,100,500,0,0.9,1,1,1,1,1,0,0,0,0,30,30,0,0,0
9110,9110,NC023,Nuclear,Nuclear,0,1000,100,500,0.7,0.93,0.2,0.2,36,36,1,10.4,0,0,0,80,80,0,0,0
9110,9110,HD023,Hydro,Hydro,0.08,100,0,500,0,1,1,1,1,1,1,0,0,0,0,100,100,0,0,0
9110,9110,WD023,Onshore wind,Wind,0,100,5,11,0,1,1,1,1,1,1,0,0,0,0,30,30,0,0,0
9110,9110,SL023,Solar,Solar,1.25,50,10,363,0,1,1,1,1,1,1,0,0,0,0,30,30,0,0,0
42051,42051,CS024,Natural gas CCS,Natural gas,0,700,100,500,0,1,1,1,7,5,0,7.54,1,0,0,55,55,0,0,0
42051,42051,CC024,Natural gas CC,Natural gas,1.02,700,100,500,0,1,1,1,7,5,0,7.54,1,0,0,55,55,0,0,0
42051,42051,CT024,Natural gas CT,Natural gas,0.88,100,100,500,0,0.8,1,1,2,1,0,10.98,1,0,0,55,55,0,0,0
42051,42051,GT024,Geothermal,Geothermal,0,50,100,500,0,0.9,1,1,1,1,1,0,0,0,0,30,30,0,0,0
42051,42051,NC024,Nuclear,Nuclear,0,1000,100,500,0.7,0.93,0.2,0.2,36,36,1,10.4,0,0,0,80,80,0,0,0
42051,42051,WD024,Onshore wind,Wind,0.65,100,1,1,0,1,1,1,1,1,1,0,0,0,0,30,30,0,0,0
42051,42051,SL024,Solar,Solar,0,50,10,235,0,1,1,1,1,1,1,0,0,0,0,30,30,0,0,0
42055,42055,CS025,Natural gas CCS,Natural gas,0,700,100,500,0,1,1,1,7,5,0,7.54,1,0,0,55,55,0,0,0
42055,42055,CC025,Natural gas CC,Natural gas,0,700,100,500,0,1,1,1,7,5,0,7.54,1,0,0,55,55,0,0,0
42055,42055,CT025,Natural gas CT,Natural gas,1.19,100,100,500,0,0.8,1,1,2,1,0,10.98,1,0,0,55,55,0,0,0
42055,42055,GT025,Geothermal,Geothermal,0,50,100,500,0,0.9,1,1,1,1,1,0,0,0,0,30,30,0,0,0
42055,42055,BP025,Biopower,Biomass,0.21,100,100,500,0,0.84,1,1,1,1,1,14.5,0,0,0,45,45,0,0,0
42055,42055,NC025,Nuclear,Nuclear,0,1000,100,500,0.7,0.93,0.2,0.2,36,36,1,10.4,0,0,0,80,80,0,0,0
42055,42055,WD025,Onshore wind,Wind,0,100,5,28,0,1,1,1,1,1,1,0,0,0,0,30,30,0,0,0
42055,42055,SL025,Solar,Solar,4.77,50,10,225,0,1,1,1,1,1,1,0,0,0,0,30,30,0,0,0
44007,44007,CS026,Natural gas CCS,Natural gas,0,700,100,500,0,1,1,1,7,5,0,7.54,1,0,0,55,55,0,0,0
44007,44007,CC026,Natural gas CC,Natural gas,2.33,700,100,500,0,1,1,1,7,5,0,7.54,1,0,0,55,55,0,0,0
44007,44007,CT026,Natural gas CT,Natural gas,0.09,100,100,500,0,0.8,1,1,2,1,0,10.98,1,0,0,55,55,0,0,0
44007,44007,GT026,Geothermal,Geothermal,0,50,100,500,0,0.9,1,1,1,1,1,0,0,0,0,30,30,0,0,0
44007,44007,BP026,Biopower,Biomass,0.45,100,100,500,0,0.84,1,1,1,1,1,14.5,0,0,0,45,45,0,0,0
44007,44007,NC026,Nuclear,Nuclear,0,1000,100,500,0.7,0.93,0.2,0.2,36,36,1,10.4,0,0,0,80,80,0,0,0
44007,44007,HD026,Hydro,Hydro,0.03,100,0,500,0,1,1,1,1,1,1,0,0,0,0,100,100,0,0,0
44007,44007,WD026,Onshore wind,Wind,0.3,100,5,6,0,1,1,1,1,1,1,0,0,0,0,30,30,0,0,0
44007,44007,SL026,Solar,Solar,2.72,50,10,178,0,1,1,1,1,1,1,0,0,0,0,30,30,0,0,0
36025,36025,CS027,Natural gas CCS,Natural gas,0,700,100,500,0,1,1,1,7,5,0,7.54,1,0,0,55,55,0,0,0
36025,36025,CC027,Natural gas CC,Natural gas,0,700,100,500,0,1,1,1,7,5,0,7.54,1,0,0,55,55,0,0,0
36025,36025,CT027,Natural gas CT,Natural gas,0,100,100,500,0,0.8,1,1,2,1,0,10.98,1,0,0,55,55,0,0,0
36025,36025,GT027,Geothermal,Geothermal,0,50,100,500,0,0.9,1,1,1,1,1,0,0,0,0,30,30,0,0,0
36025,36025,NC027,Nuclear,Nuclear,0,1000,100,500,0.7,0.93,0.2,0.2,36,36,1,10.4,0,0,0,80,80,0,0,0
36025,36025,WD027,Onshore wind,Wind,0,100,5,66,0,1,1,1,1,1,1,0,0,0,0,30,30,0,0,0
36025,36025,SL027,Solar,Solar,0.05,50,10,323,0,1,1,1,1,1,1,0,0,0,0,30,30,0,0,0
36061,36061,CS028,Natural gas CCS,Natural gas,0,700,100,500,0,1,1,1,7,5,0,7.54,1,0,0,55,55,0,0,0
36061,36061,CC028,Natural gas CC,Natural gas,0.52,700,100,500,0,1,1,1,7,5,0,7.54,1,0,0,55,55,0,0,0
36061,36061,CT028,Natural gas CT,Natural gas,4.03,100,100,500,0,0.8,1,1,2,1,0,10.98,1,0,0,55,55,0,0,0
36061,36061,PT028,Petroleum CT,Petroleum,0.37,100,100,500,0,0.8,1,1,2,1,0,10.98,0,0,0,55,55,0,0,0
36061,36061,GT028,Geothermal,Geothermal,0,50,100,500,0,0.9,1,1,1,1,1,0,0,0,0,30,30,0,0,0
36061,36061,NC028,Nuclear,Nuclear,0,1000,100,500,0.7,0.93,0.2,0.2,36,36,1,10.4,0,0,0,80,80,0,0,0
36061,36061,WD028,Onshore wind,Wind,0,100,0,0,0,1,1,1,1,1,1,0,0,0,0,30,30,0,0,0
36061,36061,SL028,Solar,Solar,0,50,2,2,0,1,1,1,1,1,1,0,0,0,0,30,30,0,0,0
36065,36065,CS029,Natural gas CCS,Natural gas,0,700,100,500,0,1,1,1,7,5,0,7.54,1,0,0,55,55,0,0,0
36065,36065,CC029,Natural gas CC,Natural gas,0.09,700,100,500,0,1,1,1,7,5,0,7.54,1,0,0,55,55,0,0,0
36065,36065,CT029,Natural gas CT,Natural gas,0.04,100,100,500,0,0.8,1,1,2,1,0,10.98,1,0,0,55,55,0,0,0
36065,36065,PT029,Petroleum CT,Petroleum,0.01,100,100,500,0,0.8,1,1,2,1,0,10.98,0,0,0,55,55,0,0,0
36065,36065,GT029,Geothermal,Geothermal,0,50,100,500,0,0.9,1,1,1,1,1,0,0,0,0,30,30,0,0,0
36065,36065,BP029,Biopower,Biomass,0.03,100,100,500,0,0.84,1,1,1,1,1,14.5,0,0,0,45,45,0,0,0
36065,36065,NC029,Nuclear,Nuclear,0,1000,100,500,0.7,0.93,0.2,0.2,36,36,1,10.4,0,0,0,80,80,0,0,0
36065,36065,HD029,Hydro,Hydro,0.34,100,0,500,0,1,1,1,1,1,1,0,0,0,0,100,100,0,0,0
36065,36065,WD029,Onshore wind,Wind,0,100,5,50,0,1,1,1,1,1,1,0,0,0,0,30,30,0,0,0
36065,36065,SL029,Solar,Solar,1.18,50,10,745,0,1,1,1,1,1,1,0,0,0,0,30,30,0,0,0
36115,36115,CS030,Natural gas CCS,Natural gas,0,700,100,500,0,1,1,1,7,5,0,7.54,1,0,0,55,55,0,0,0
36115,36115,CC030,Natural gas CC,Natural gas,0,700,100,500,0,1,1,1,7,5,0,7.54,1,0,0,55,55,0,0,0
36115,36115,CT030,Natural gas CT,Natural gas,0,100,100,500,0,0.8,1,1,2,1,0,10.98,1,0,0,55,55,0,0,0
36115,36115,GT030,Geothermal,Geothermal,0,50,100,500,0,0.9,1,1,1,1,1,0,0,0,0,30,30,0,0,0
36115,36115,BP030,Biopower,Biomass,0.14,100,100,500,0,0.84,1,1,1,1,1,14.5,0,0,0,45,45,0,0,0
36115,36115,NC030,Nuclear,Nuclear,0,1000,100,500,0.7,0.93,0.2,0.2,36,36,1,10.4,0,0,0,80,80,0,0,0
36115,36115,HD030,Hydro,Hydro,0.15,100,0,500,0,1,1,1,1,1,1,0,0,0,0,100,100,0,0,0
36115,36115,WD030,Onshore wind,Wind,0,100,5,28,0,1,1,1,1,1,1,0,0,0,0,30,30,0,0,0
36115,36115,SL030,Solar,Solar,0.98,50,10,309,0,1,1,1,1,1,1,0,0,0,0,30,30,0,0,0
36009,36009,CS031,Natural gas CCS,Natural gas,0,700,100,500,0,1,1,1,7,5,0,7.54,1,0,0,55,55,0,0,0
36009,36009,CC031,Natural gas CC,Natural gas,0.13,700,100,500,0,1,1,1,7,5,0,7.54,1,0,0,55,55,0,0,0
36009,36009,CT031,Natural gas CT,Natural gas,0,100,100,500,0,0.8,1,1,2,1,0,10.98,1,0,0,55,55,0,0,0
36009,36009,GT031,Geothermal,Geothermal,0,50,100,500,0,0.9,1,1,1,1,1,0,0,0,0,30,30,0,0,0
36009,36009,NC031,Nuclear,Nuclear,0,1000,100,500,0.7,0.93,0.2,0.2,36,36,1,10.4,0,0,0,80,80,0,0,0
36009,36009,WD031,Onshore wind,Wind,0,100,5,63,0,1,1,1,1,1,1,0,0,0,0,30,30,0,0,0
36009,36009,SL031,Solar,Solar,0.84,50,10,509,0,1,1,1,1,1,1,0,0,0,0,30,30,0,0,0
25025,25025,CS032,Natural gas CCS,Natural gas,0,700,100,500,0,1,1,1,7,5,0,7.54,1,0,0,55,55,0,0,0
25025,25025,CC032,Natural gas CC,Natural gas,0.04,700,100,500,0,1,1,1,7,5,0,7.54,1,0,0,55,55,0,0,0
25025,25025,CT032,Natural gas CT,Natural gas,0.48,100,100,500,0,0.8,1,1,2,1,0,10.98,1,0,0,55,55,0,0,0
25025,25025,PT032,Petroleum CT,Petroleum,0.77,100,100,500,0,0.8,1,1,2,1,0,10.98,0,0,0,55,55,0,0,0
25025,25025,GT032,Geothermal,Geothermal,0,50,100,500,0,0.9,1,1,1,1,1,0,0,0,0,30,30,0,0,0
25025,25025,BP032,Biopower,Biomass,0.18,100,100,500,0,0.84,1,1,1,1,1,14.5,0,0,0,45,45,0,0,0
25025,25025,NC032,Nuclear,Nuclear,0,1000,100,500,0.7,0.93,0.2,0.2,36,36,1,10.4,0,0,0,80,80,0,0,0
25025,25025,HD032,Hydro,Hydro,0.02,100,0,500,0,1,1,1,1,1,1,0,0,0,0,100,100,0,0,0
25025,25025,WD032,Onshore wind,Wind,0.03,100,0,0,0,1,1,1,1,1,1,0,0,0,0,30,30,0,0,0
25025,25025,SL032,Solar,Solar,0.1,50,5,5,0,1,1,1,1,1,1,0,0,0,0,30,30,0,0,0
25005,25005,CS033,Natural gas CCS,Natural gas,0,700,100,500,0,1,1,1,7,5,0,7.54,1,0,0,55,55,0,0,0
25005,25005,CC033,Natural gas CC,Natural gas,0.56,700,100,500,0,1,1,1,7,5,0,7.54,1,0,0,55,55,0,0,0
25005,25005,CT033,Natural gas CT,Natural gas,0.23,100,100,500,0,0.8,1,1,2,1,0,10.98,1,0,0,55,55,0,0,0
25005,25005,PT033,Petroleum CT,Petroleum,0.1,100,100,500,0,0.8,1,1,2,1,0,10.98,0,0,0,55,55,0,0,0
25005,25005,GT033,Geothermal,Geothermal,0,50,100,500,0,0.9,1,1,1,1,1,0,0,0,0,30,30,0,0,0
25005,25005,BP033,Biopower,Biomass,0.07,100,100,500,0,0.84,1,1,1,1,1,14.5,0,0,0,45,45,0,0,0
25005,25005,NC033,Nuclear,Nuclear,0,1000,100,500,0.7,0.93,0.2,0.2,36,36,1,10.4,0,0,0,80,80,0,0,0
25005,25005,WD033,Onshore wind,Wind,0.03,100,3,3,0,1,1,1,1,1,1,0,0,0,0,30,30,0,0,0
25005,25005,SL033,Solar,Solar,2.38,50,10,185,0,1,1,1,1,1,1,0,0,0,0,30,30,0,0,0
34009,34009,CS034,Natural gas CCS,Natural gas,0,700,100,500,0,1,1,1,7,5,0,7.54,1,0,0,55,55,0,0,0
34009,34009,CC034,Natural gas CC,Natural gas,0,700,100,500,0,1,1,1,7,5,0,7.54,1,0,0,55,55,0,0,0
34009,34009,CT034,Natural gas CT,Natural gas,0,100,100,500,0,0.8,1,1,2,1,0,10.98,1,0,0,55,55,0,0,0
34009,34009,GT034,Geothermal,Geothermal,0,50,100,500,0,0.9,1,1,1,1,1,0,0,0,0,30,30,0,0,0
34009,34009,BP034,Biopower,Biomass,0.01,100,100,500,0,0.84,1,1,1,1,1,14.5,0,0,0,45,45,0,0,0
34009,34009,NC034,Nuclear,Nuclear,0,1000,100,500,0.7,0.93,0.2,0.2,36,36,1,10.4,0,0,0,80,80,0,0,0
34009,34009,WD034,Onshore wind,Wind,0,100,0,0,0,1,1,1,1,1,1,0,0,0,0,30,30,0,0,0
34009,34009,SL034,Solar,Solar,0.05,50,10,32,0,1,1,1,1,1,1,0,0,0,0,30,30,0,0,0
34015,34015,CS035,Natural gas CCS,Natural gas,0,700,100,500,0,1,1,1,7,5,0,7.54,1,0,0,55,55,0,0,0
34015,34015,CC035,Natural gas CC,Natural gas,1.48,700,100,500,0,1,1,1,7,5,0,7.54,1,0,0,55,55,0,0,0
34015,34015,CT035,Natural gas CT,Natural gas,1.02,100,100,500,0,0.8,1,1,2,1,0,10.98,1,0,0,55,55,0,0,0
34015,34015,GT035,Geothermal,Geothermal,0,50,100,500,0,0.9,1,1,1,1,1,0,0,0,0,30,30,0,0,0
34015,34015,BP035,Biopower,Biomass,0.14,100,100,500,0,0.84,1,1,1,1,1,14.5,0,0,0,45,45,0,0,0
34015,34015,NC035,Nuclear,Nuclear,0,1000,100,500,0.7,0.93,0.2,0.2,36,36,1,10.4,0,0,0,80,80,0,0,0
34015,34015,WD035,Onshore wind,Wind,0,100,3,3,0,1,1,1,1,1,1,0,0,0,0,30,30,0,0,0
34015,34015,SL035,Solar,Solar,0.97,50,10,91,0,1,1,1,1,1,1,0,0,0,0,30,30,0,0,0
34003,34003,CS036,Natural gas CCS,Natural gas,0,700,100,500,0,1,1,1,7,5,0,7.54,1,0,0,55,55,0,0,0
34003,34003,CC036,Natural gas CC,Natural gas,2,700,100,500,0,1,1,1,7,5,0,7.54,1,0,0,55,55,0,0,0
34003,34003,CT036,Natural gas CT,Natural gas,0.08,100,100,500,0,0.8,1,1,2,1,0,10.98,1,0,0,55,55,0,0,0
34003,34003,PT036,Petroleum CT,Petroleum,0.08,100,100,500,0,0.8,1,1,2,1,0,10.98,0,0,0,55,55,0,0,0
34003,34003,GT036,Geothermal,Geothermal,0,50,100,500,0,0.9,1,1,1,1,1,0,0,0,0,30,30,0,0,0
34003,34003,NC036,Nuclear,Nuclear,0,1000,100,500,0.7,0.93,0.2,0.2,36,36,1,10.4,0,0,0,80,80,0,0,0
34003,34003,WD036,Onshore wind,Wind,0,100,0,0,0,1,1,1,1,1,1,0,0,0,0,30,30,0,0,0
34003,34003,SL036,Solar,Solar,0.24,50,10,21,0,1,1,1,1,1,1,0,0,0,0,30,30,0,0,0
34019,34019,CS037,Natural gas CCS,Natural gas,0,700,100,500,0,1,1,1,7,5,0,7.54,1,0,0,55,55,0,0,0
34019,34019,CC037,Natural gas CC,Natural gas,0.5,700,100,500,0,1,1,1,7,5,0,7.54,1,0,0,55,55,0,0,0
34019,34019,CT037,Natural gas CT,Natural gas,1.61,100,100,500,0,0.8,1,1,2,1,0,10.98,1,0,0,55,55,0,0,0
34019,34019,GT037,Geothermal,Geothermal,0,50,100,500,0,0.9,1,1,1,1,1,0,0,0,0,30,30,0,0,0
34019,34019,NC037,Nuclear,Nuclear,0,1000,100,500,0.7,0.93,0.2,0.2,36,36,1,10.4,0,0,0,80,80,0,0,0
34019,34019,WD037,Onshore wind,Wind,0,100,1,1,0,1,1,1,1,1,1,0,0,0,0,30,30,0,0,0
34019,34019,SL037,Solar,Solar,1.47,50,10,141,0,1,1,1,1,1,1,0,0,0,0,30,30,0,0,0
36045,36045,CS038,Natural gas CCS,Natural gas,0,700,100,500,0,1,1,1,7,5,0,7.54,1,0,0,55,55,0,0,0
36045,36045,CC038,Natural gas CC,Natural gas,0.09,700,100,500,0,1,1,1,7,5,0,7.54,1,0,0,55,55,0,0,0
36045,36045,CT038,Natural gas CT,Natural gas,0,100,100,500,0,0.8,1,1,2,1,0,10.98,1,0,0,55,55,0,0,0
36045,36045,GT038,Geothermal,Geothermal,0,50,100,500,0,0.9,1,1,1,1,1,0,0,0,0,30,30,0,0,0
36045,36045,BP038,Biopower,Biomass,0.06,100,100,500,0,0.84,1,1,1,1,1,14.5,0,0,0,45,45,0,0,0
36045,36045,NC038,Nuclear,Nuclear,0,1000,100,500,0.7,0.93,0.2,0.2,36,36,1,10.4,0,0,0,80,80,0,0,0
36045,36045,HD038,Hydro,Hydro,1.01,100,0,500,0,1,1,1,1,1,1,0,0,0,0,100,100,0,0,0
36045,36045,WD038,Onshore wind,Wind,0,100,5,18,0,1,1,1,1,1,1,0,0,0,0,30,30,0,0,0
36045,36045,SL038,Solar,Solar,0.89,50,10,647,0,1,1,1,1,1,1,0,0,0,0,30,30,0,0,0
36019,36019,CS039,Natural gas CCS,Natural gas,0,700,100,500,0,1,1,1,7,5,0,7.54,1,0,0,55,55,0,0,0
36019,36019,CC039,Natural gas CC,Natural gas,0.41,700,100,500,0,1,1,1,7,5,0,7.54,1,0,0,55,55,0,0,0
36019,36019,CT039,Natural gas CT,Natural gas,0,100,100,500,0,0.8,1,1,2,1,0,10.98,1,0,0,55,55,0,0,0
36019,36019,GT039,Geothermal,Geothermal,0,50,100,500,0,0.9,1,1,1,1,1,0,0,0,0,30,30,0,0,0
36019,36019,BP039,Biopower,Biomass,0.06,100,100,500,0,0.84,1,1,1,1,1,14.5,0,0,0,45,45,0,0,0
36019,36019,NC039,Nuclear,Nuclear,0,1000,100,500,0.7,0.93,0.2,0.2,36,36,1,10.4,0,0,0,80,80,0,0,0
36019,36019,HD039,Hydro,Hydro,0.34,100,0,500,0,1,1,1,1,1,1,0,0,0,0,100,100,0,0,0
36019,36019,WD039,Onshore wind,Wind,4.94,100,5,37,0,1,1,1,1,1,1,0,0,0,0,30,30,0,0,0
36019,36019,SL039,Solar,Solar,0.34,50,10,701,0,1,1,1,1,1,1,0,0,0,0,30,30,0,0,0
36031,36031,CS040,Natural gas CCS,Natural gas,0,700,100,500,0,1,1,1,7,5,0,7.54,1,0,0,55,55,0,0,0
36031,36031,CC040,Natural gas CC,Natural gas,0.06,700,100,500,0,1,1,1,7,5,0,7.54,1,0,0,55,55,0,0,0
36031,36031,CT040,Natural gas CT,Natural gas,0,100,100,500,0,0.8,1,1,2,1,0,10.98,1,0,0,55,55,0,0,0
36031,36031,PT040,Petroleum CT,Petroleum,0.04,100,100,500,0,0.8,1,1,2,1,0,10.98,0,0,0,55,55,0,0,0
36031,36031,GT040,Geothermal,Geothermal,0,50,100,500,0,0.9,1,1,1,1,1,0,0,0,0,30,30,0,0,0
36031,36031,NC040,Nuclear,Nuclear,0,1000,100,500,0.7,0.93,0.2,0.2,36,36,1,10.4,0,0,0,80,80,0,0,0
36031,36031,HD040,Hydro,Hydro,0.09,100,0,500,0,1,1,1,1,1,1,0,0,0,0,100,100,0,0,0
36031,36031,WD040,Onshore wind,Wind,0,100,5,10,0,1,1,1,1,1,1,0,0,0,0,30,30,0,0,0
36031,36031,SL040,Solar,Solar,0,50,10,396,0,1,1,1,1,1,1,0,0,0,0,30,30,0,0,0
34027,34027,CS041,Natural gas CCS,Natural gas,0,700,100,500,0,1,1,1,7,5,0,7.54,1,0,0,55,55,0,0,0
34027,34027,CC041,Natural gas CC,Natural gas,0,700,100,500,0,1,1,1,7,5,0,7.54,1,0,0,55,55,0,0,0
34027,34027,CT041,Natural gas CT,Natural gas,0,100,100,500,0,0.8,1,1,2,1,0,10.98,1,0,0,55,55,0,0,0
34027,34027,GT041,Geothermal,Geothermal,0,50,100,500,0,0.9,1,1,1,1,1,0,0,0,0,30,30,0,0,0
34027,34027,NC041,Nuclear,Nuclear,0,1000,100,500,0.7,0.93,0.2,0.2,36,36,1,10.4,0,0,0,80,80,0,0,0
34027,34027,WD041,Onshore wind,Wind,0,100,0,0,0,1,1,1,1,1,1,0,0,0,0,30,30,0,0,0
34027,34027,SL041,Solar,Solar,0.91,50,10,77,0,1,1,1,1,1,1,0,0,0,0,30,30,0,0,0
36091,36091,CS042,Natural gas CCS,Natural gas,0,700,100,500,0,1,1,1,7,5,0,7.54,1,0,0,55,55,0,0,0
36091,36091,CC042,Natural gas CC,Natural gas,0.21,700,100,500,0,1,1,1,7,5,0,7.54,1,0,0,55,55,0,0,0
36091,36091,CT042,Natural gas CT,Natural gas,0,100,100,500,0,0.8,1,1,2,1,0,10.98,1,0,0,55,55,0,0,0
36091,36091,GT042,Geothermal,Geothermal,0,50,100,500,0,0.9,1,1,1,1,1,0,0,0,0,30,30,0,0,0
36091,36091,NC042,Nuclear,Nuclear,0,1000,100,500,0.7,0.93,0.2,0.2,36,36,1,10.4,0,0,0,80,80,0,0,0
36091,36091,HD042,Hydro,Hydro,2.95,100,0,500,0,1,1,1,1,1,1,0,0,0,0,100,100,0,0,0
36091,36091,WD042,Onshore wind,Wind,0,100,5,23,0,1,1,1,1,1,1,0,0,0,0,30,30,0,0,0
36091,36091,SL042,Solar,Solar,1.23,50,10,352,0,1,1,1,1,1,1,0,0,0,0,30,30,0,0,0
42031,42031,CS043,Natural gas CCS,Natural gas,0,700,100,500,0,1,1,1,7,5,0,7.54,1,0,0,55,55,0,0,0
42031,42031,CC043,Natural gas CC,Natural gas,0,700,100,500,0,1,1,1,7,5,0,7.54,1,0,0,55,55,0,0,0
42031,42031,CT043,Natural gas CT,Natural gas,0,100,100,500,0,0.8,1,1,2,1,0,10.98,1,0,0,55,55,0,0,0
42031,42031,GT043,Geothermal,Geothermal,0,50,100,500,0,0.9,1,1,1,1,1,0,0,0,0,30,30,0,0,0
42031,42031,NC043,Nuclear,Nuclear,0,1000,100,500,0.7,0.93,0.2,0.2,36,36,1,10.4,0,0,0,80,80,0,0,0
42031,42031,HD043,Hydro,Hydro,0.3,100,0,500,0,1,1,1,1,1,1,0,0,0,0,100,100,0,0,0
42031,42031,WD043,Onshore wind,Wind,0,100,4,4,0,1,1,1,1,1,1,0,0,0,0,30,30,0,0,0
42031,42031,SL043,Solar,Solar,0,50,10,338,0,1,1,1,1,1,1,0,0,0,0,30,30,0,0,0
42061,42061,CS044,Natural gas CCS,Natural gas,0,700,100,500,0,1,1,1,7,5,0,7.54,1,0,0,55,55,0,0,0
42061,42061,CC044,Natural gas CC,Natural gas,0,700,100,500,0,1,1,1,7,5,0,7.54,1,0,0,55,55,0,0,0
42061,42061,CT044,Natural gas CT,Natural gas,0,100,100,500,0,0.8,1,1,2,1,0,10.98,1,0,0,55,55,0,0,0
42061,42061,GT044,Geothermal,Geothermal,0,50,100,500,0,0.9,1,1,1,1,1,0,0,0,0,30,30,0,0,0
42061,42061,NC044,Nuclear,Nuclear,0,1000,100,500,0.7,0.93,0.2,0.2,36,36,1,10.4,0,0,0,80,80,0,0,0
42061,42061,HD044,Hydro,Hydro,0.24,100,0,500,0,1,1,1,1,1,1,0,0,0,0,100,100,0,0,0
42061,42061,WD044,Onshore wind,Wind,0,100,5,8,0,1,1,1,1,1,1,0,0,0,0,30,30,0,0,0
42061,42061,SL044,Solar,Solar,0,50,10,346,0,1,1,1,1,1,1,0,0,0,0,30,30,0,0,0
25017,25017,CS045,Natural gas CCS,Natural gas,0,700,100,500,0,1,1,1,7,5,0,7.54,1,0,0,55,55,0,0,0
25017,25017,CC045,Natural gas CC,Natural gas,2.93,700,100,500,0,1,1,1,7,5,0,7.54,1,0,0,55,55,0,0,0
25017,25017,CT045,Natural gas CT,Natural gas,0.62,100,100,500,0,0.8,1,1,2,1,0,10.98,1,0,0,55,55,0,0,0
25017,25017,PT045,Petroleum CT,Petroleum,0.67,100,100,500,0,0.8,1,1,2,1,0,10.98,0,0,0,55,55,0,0,0
25017,25017,GT045,Geothermal,Geothermal,0,50,100,500,0,0.9,1,1,1,1,1,0,0,0,0,30,30,0,0,0
25017,25017,NC045,Nuclear,Nuclear,0,1000,100,500,0.7,0.93,0.2,0.2,36,36,1,10.4,0,0,0,80,80,0,0,0
25017,25017,HD045,Hydro,Hydro,0.25,100,0,500,0,1,1,1,1,1,1,0,0,0,0,100,100,0,0,0
25017,25017,WD045,Onshore wind,Wind,0,100,2,2,0,1,1,1,1,1,1,0,0,0,0,30,30,0,0,0
25017,25017,SL045,Solar,Solar,2.11,50,10,223,0,1,1,1,1,1,1,0,0,0,0,30,30,0,0,0
25027,25027,CS046,Natural gas CCS,Natural gas,0,700,100,500,0,1,1,1,7,5,0,7.54,1,0,0,55,55,0,0,0
25027,25027,CC046,Natural gas CC,Natural gas,1.81,700,100,500,0,1,1,1,7,5,0,7.54,1,0,0,55,55,0,0,0
25027,25027,CT046,Natural gas CT,Natural gas,0.17,100,100,500,0,0.8,1,1,2,1,0,10.98,1,0,0,55,55,0,0,0
25027,25027,PT046,Petroleum CT,Petroleum,0.14,100,100,500,0,0.8,1,1,2,1,0,10.98,0,0,0,55,55,0,0,0
25027,25027,GT046,Geothermal,Geothermal,0,50,100,500,0,0.9,1,1,1,1,1,0,0,0,0,30,30,0,0,0
25027,25027,BP046,Biopower,Biomass,0.72,100,100,500,0,0.84,1,1,1,1,1,14.5,0,0,0,45,45,0,0,0
25027,25027,NC046,Nuclear,Nuclear,0,1000,100,500,0.7,0.93,0.2,0.2,36,36,1,10.4,0,0,0,80,80,0,0,0
25027,25027,HD046,Hydro,Hydro,0.07,100,0,500,0,1,1,1,1,1,1,0,0,0,0,100,100,0,0,0
25027,25027,WD046,Onshore wind,Wind,0.1,100,5,42,0,1,1,1,1,1,1,0,0,0,0,30,30,0,0,0
25027,25027,SL046,Solar,Solar,8.7,50,10,812,0,1,1,1,1,1,1,0,0,0,0,30,30,0,0,0
34033,34033,CS047,Natural gas CCS,Natural gas,0,700,100,500,0,1,1,1,7,5,0,7.54,1,0,0,55,55,0,0,0
34033,34033,CC047,Natural gas CC,Natural gas,0,700,100,500,0,1,1,1,7,5,0,7.54,1,0,0,55,55,0,0,0
34033,34033,CT047,Natural gas CT,Natural gas,0,100,100,500,0,0.8,1,1,2,1,0,10.98,1,0,0,55,55,0,0,0
34033,34033,GT047,Geothermal,Geothermal,0,50,100,500,0,0.9,1,1,1,1,1,0,0,0,0,30,30,0,0,0
34033,34033,NC047,Nuclear,Nuclear,3.63,1000,100,500,0.7,0.93,0.2,0.2,36,36,1,10.4,0,0,0,80,80,0,0,0
34033,34033,WD047,Onshore wind,Wind,0,100,5,6,0,1,1,1,1,1,1,0,0,0,0,30,30,0,0,0
34033,34033,SL047,Solar,Solar,0.4,50,10,64,0,1,1,1,1,1,1,0,0,0,0,30,30,0,0,0
34021,34021,CS048,Natural gas CCS,Natural gas,0,700,100,500,0,1,1,1,7,5,0,7.54,1,0,0,55,55,0,0,0
34021,34021,CC048,Natural gas CC,Natural gas,0,700,100,500,0,1,1,1,7,5,0,7.54,1,0,0,55,55,0,0,0
34021,34021,CT048,Natural gas CT,Natural gas,0.42,100,100,500,0,0.8,1,1,2,1,0,10.98,1,0,0,55,55,0,0,0
34021,34021,GT048,Geothermal,Geothermal,0,50,100,500,0,0.9,1,1,1,1,1,0,0,0,0,30,30,0,0,0
34021,34021,NC048,Nuclear,Nuclear,0,1000,100,500,0.7,0.93,0.2,0.2,36,36,1,10.4,0,0,0,80,80,0,0,0
34021,34021,WD048,Onshore wind,Wind,0,100,1,1,0,1,1,1,1,1,1,0,0,0,0,30,30,0,0,0
34021,34021,SL048,Solar,Solar,1.54,50,10,59,0,1,1,1,1,1,1,0,0,0,0,30,30,0,0,0
36013,36013,CS049,Natural gas CCS,Natural gas,0,700,100,500,0,1,1,1,7,5,0,7.54,1,0,0,55,55,0,0,0
36013,36013,CC049,Natural gas CC,Natural gas,0.07,700,100,500,0,1,1,1,7,5,0,7.54,1,0,0,55,55,0,0,0
36013,36013,CT049,Natural gas CT,Natural gas,0.47,100,100,500,0,0.8,1,1,2,1,0,10.98,1,0,0,55,55,0,0,0
36013,36013,GT049,Geothermal,Geothermal,0,50,100,500,0,0.9,1,1,1,1,1,0,0,0,0,30,30,0,0,0
36013,36013,BP049,Biopower,Biomass,0.1,100,100,500,0,0.84,1,1,1,1,1,14.5,0,0,0,45,45,0,0,0
36013,36013,NC049,Nuclear,Nuclear,0,1000,100,500,0.7,0.93,0.2,0.2,36,36,1,10.4,0,0,0,80,80,0,0,0
36013,36013,WD049,Onshore wind,Wind,3.1,100,5,46,0,1,1,1,1,1,1,0,0,0,0,30,30,0,0,0
36013,36013,SL049,Solar,Solar,0.31,50,10,617,0,1,1,1,1,1,1,0,0,0,0,30,30,0,0,0
42133,42133,CS050,Natural gas CCS,Natural gas,0,700,100,500,0,1,1,1,7,5,0,7.54,1,0,0,55,55,0,0,0
42133,42133,CC050,Natural gas CC,Natural gas,4.41,700,100,500,0,1,1,1,7,5,0,7.54,1,0,0,55,55,0,0,0
42133,42133,CT050,Natural gas CT,Natural gas,0,100,100,500,0,0.8,1,1,2,1,0,10.98,1,0,0,55,55,0,0,0
42133,42133,CL050,Coal IGCC,Coal,0.08,600,100,500,0,0.85,1,1,7,5,0,9.2,0,0,4788,70,70,0,0,0
42133,42133,PT050,Petroleum CT,Petroleum,0.54,100,100,500,0,0.8,1,1,2,1,0,10.98,0,0,0,55,55,0,0,0
42133,42133,GT050,Geothermal,Geothermal,0,50,100,500,0,0.9,1,1,1,1,1,0,0,0,0,30,30,0,0,0
42133,42133,BP050,Biopower,Biomass,0.76,100,100,500,0,0.84,1,1,1,1,1,14.5,0,0,0,45,45,0,0,0
42133,42133,NC050,Nuclear,Nuclear,2.88,1000,100,500,0.7,0.93,0.2,0.2,36,36,1,10.4,0,0,0,80,80,0,0,0
42133,42133,HD050,Hydro,Hydro,0.2,100,0,500,0,1,1,1,1,1,1,0,0,0,0,100,100,0,0,0
42133,42133,WD050,Onshore wind,Wind,0,100,5,9,0,1,1,1,1,1,1,0,0,0,0,30,30,0,0,0
42133,42133,SL050,Solar,Solar,0.05,50,10,191,0,1,1,1,1,1,1,0,0,0,0,30,30,0,0,0
42095,42095,CS051,Natural gas CCS,Natural gas,0,700,100,500,0,1,1,1,7,5,0,7.54,1,0,0,55,55,0,0,0
42095,42095,CC051,Natural gas CC,Natural gas,5.01,700,100,500,0,1,1,1,7,5,0,7.54,1,0,0,55,55,0,0,0
42095,42095,CT051,Natural gas CT,Natural gas,0,100,100,500,0,0.8,1,1,2,1,0,10.98,1,0,0,55,55,0,0,0
42095,42095,CL051,Coal IGCC,Coal,0.22,600,100,500,0,0.85,1,1,7,5,0,9.2,0,0,4788,70,70,0,0,0
42095,42095,PT051,Petroleum CT,Petroleum,1.94,100,100,500,0,0.8,1,1,2,1,0,10.98,0,0,0,55,55,0,0,0
42095,42095,GT051,Geothermal,Geothermal,0,50,100,500,0,0.9,1,1,1,1,1,0,0,0,0,30,30,0,0,0
42095,42095,BP051,Biopower,Biomass,0.1,100,100,500,0,0.84,1,1,1,1,1,14.5,0,0,0,45,45,0,0,0
42095,42095,NC051,Nuclear,Nuclear,0,1000,100,500,0.7,0.93,0.2,0.2,36,36,1,10.4,0,0,0,80,80,0,0,0
42095,42095,WD051,Onshore wind,Wind,0,100,2,2,0,1,1,1,1,1,1,0,0,0,0,30,30,0,0,0
42095,42095,SL051,Solar,Solar,0.12,50,10,76,0,1,1,1,1,1,1,0,0,0,0,30,30,0,0,0
42127,42127,CS052,Natural gas CCS,Natural gas,0,700,100,500,0,1,1,1,7,5,0,7.54,1,0,0,55,55,0,0,0
42127,42127,CC052,Natural gas CC,Natural gas,0,700,100,500,0,1,1,1,7,5,0,7.54,1,0,0,55,55,0,0,0
42127,42127,CT052,Natural gas CT,Natural gas,0,100,100,500,0,0.8,1,1,2,1,0,10.98,1,0,0,55,55,0,0,0
42127,42127,GT052,Geothermal,Geothermal,0,50,100,500,0,0.9,1,1,1,1,1,0,0,0,0,30,30,0,0,0
42127,42127,NC052,Nuclear,Nuclear,0,1000,100,500,0.7,0.93,0.2,0.2,36,36,1,10.4,0,0,0,80,80,0,0,0
42127,42127,WD052,Onshore wind,Wind,0.64,100,5,25,0,1,1,1,1,1,1,0,0,0,0,30,30,0,0,0
42127,42127,SL052,Solar,Solar,0,50,10,336,0,1,1,1,1,1,1,0,0,0,0,30,30,0,0,0
9170,9170,CS053,Natural gas CCS,Natural gas,0,700,100,500,0,1,1,1,7,5,0,7.54,1,0,0,55,55,0,0,0
9170,9170,CC053,Natural gas CC,Natural gas,0.84,700,100,500,0,1,1,1,7,5,0,7.54,1,0,0,55,55,0,0,0
9170,9170,CT053,Natural gas CT,Natural gas,4.34,100,100,500,0,0.8,1,1,2,1,0,10.98,1,0,0,55,55,0,0,0
9170,9170,PT053,Petroleum CT,Petroleum,11.28,100,100,500,0,0.8,1,1,2,1,0,10.98,0,0,0,55,55,0,0,0
9170,9170,GT053,Geothermal,Geothermal,0,50,100,500,0,0.9,1,1,1,1,1,0,0,0,0,30,30,0,0,0
9170,9170,NC053,Nuclear,Nuclear,0,1000,100,500,0.7,0.93,0.2,0.2,36,36,1,10.4,0,0,0,80,80,0,0,0
9170,9170,WD053,Onshore wind,Wind,0,100,3,3,0,1,1,1,1,1,1,0,0,0,0,30,30,0,0,0
9170,9170,SL053,Solar,Solar,0.43,50,10,109,0,1,1,1,1,1,1,0,0,0,0,30,30,0,0,0
42029,42029,CS054,Natural gas CCS,Natural gas,0,700,100,500,0,1,1,1,7,5,0,7.54,1,0,0,55,55,0,0,0
42029,42029,CC054,Natural gas CC,Natural gas,0,700,100,500,0,1,1,1,7,5,0,7.54,1,0,0,55,55,0,0,0
42029,42029,CT054,Natural gas CT,Natural gas,0,100,100,500,0,0.8,1,1,2,1,0,10.98,1,0,0,55,55,0,0,0
42029,42029,GT054,Geothermal,Geothermal,0,50,100,500,0,0.9,1,1,1,1,1,0,0,0,0,30,30,0,0,0
42029,42029,BP054,Biopower,Biomass,0.02,100,100,500,0,0.84,1,1,1,1,1,14.5,0,0,0,45,45,0,0,0
42029,42029,NC054,Nuclear,Nuclear,0,1000,100,500,0.7,0.93,0.2,0.2,36,36,1,10.4,0,0,0,80,80,0,0,0
42029,42029,WD054,Onshore wind,Wind,0,100,2,2,0,1,1,1,1,1,1,0,0,0,0,30,30,0,0,0
42029,42029,SL054,Solar,Solar,0.1,50,10,152,0,1,1,1,1,1,1,0,0,0,0,30,30,0,0,0
36047,36047,CS055,Natural gas CCS,Natural gas,0,700,100,500,0,1,1,1,7,5,0,7.54,1,0,0,55,55,0,0,0
36047,36047,CC055,Natural gas CC,Natural gas,0.47,700,100,500,0,1,1,1,7,5,0,7.54,1,0,0,55,55,0,0,0
36047,36047,CT055,Natural gas CT,Natural gas,5.06,100,100,500,0,0.8,1,1,2,1,0,10.98,1,0,0,55,55,0,0,0
36047,36047,PT055,Petroleum CT,Petroleum,0.03,100,100,500,0,0.8,1,1,2,1,0,10.98,0,0,0,55,55,0,0,0
36047,36047,GT055,Geothermal,Geothermal,0,50,100,500,0,0.9,1,1,1,1,1,0,0,0,0,30,30,0,0,0
36047,36047,NC055,Nuclear,Nuclear,0,1000,100,500,0.7,0.93,0.2,0.2,36,36,1,10.4,0,0,0,80,80,0,0,0
36047,36047,WD055,Onshore wind,Wind,0,100,0,0,0,1,1,1,1,1,1,0,0,0,0,30,30,0,0,0
36047,36047,SL055,Solar,Solar,0,50,5,5,0,1,1,1,1,1,1,0,0,0,0,30,30,0,0,0
36043,36043,CS056,Natural gas CCS,Natural gas,0,700,100,500,0,1,1,1,7,5,0,7.54,1,0,0,55,55,0,0,0
36043,36043,CC056,Natural gas CC,Natural gas,0,700,100,500,0,1,1,1,7,5,0,7.54,1,0,0,55,55,0,0,0
36043,36043,CT056,Natural gas CT,Natural gas,0,100,100,500,0,0.8,1,1,2,1,0,10.98,1,0,0,55,55,0,0,0
36043,36043,GT056,Geothermal,Geothermal,0,50,100,500,0,0.9,1,1,1,1,1,0,0,0,0,30,30,0,0,0
36043,36043,NC056,Nuclear,Nuclear,0,1000,100,500,0.7,0.93,0.2,0.2,36,36,1,10.4,0,0,0,80,80,0,0,0
36043,36043,HD056,Hydro,Hydro,0.74,100,0,500,0,1,1,1,1,1,1,0,0,0,0,100,100,0,0,0
36043,36043,WD056,Onshore wind,Wind,0.74,100,5,57,0,1,1,1,1,1,1,0,0,0,0,30,30,0,0,0
36043,36043,SL056,Solar,Solar,0.08,50,10,580,0,1,1,1,1,1,1,0,0,0,0,30,30,0,0,0
34035,34035,CS057,Natural gas CCS,Natural gas,0,700,100,500,0,1,1,1,7,5,0,7.54,1,0,0,55,55,0,0,0
34035,34035,CC057,Natural gas CC,Natural gas,0,700,100,500,0,1,1,1,7,5,0,7.54,1,0,0,55,55,0,0,0
34035,34035,CT057,Natural gas CT,Natural gas,0.11,100,100,500,0,0.8,1,1,2,1,0,10.98,1,0,0,55,55,0,0,0
34035,34035,GT057,Geothermal,Geothermal,0,50,100,500,0,0.9,1,1,1,1,1,0,0,0,0,30,30,0,0,0
34035,34035,NC057,Nuclear,Nuclear,0,1000,100,500,0.7,0.93,0.2,0.2,36,36,1,10.4,0,0,0,80,80,0,0,0
34035,34035,WD057,Onshore wind,Wind,0,100,1,1,0,1,1,1,1,1,1,0,0,0,0,30,30,0,0,0
34035,34035,SL057,Solar,Solar,1.04,50,10,68,0,1,1,1,1,1,1,0,0,0,0,30,30,0,0,0
42091,42091,CS058,Natural gas CCS,Natural gas,0,700,100,500,0,1,1,1,7,5,0,7.54,1,0,0,55,55,0,0,0
42091,42091,CC058,Natural gas CC,Natural gas,0,700,100,500,0,1,1,1,7,5,0,7.54,1,0,0,55,55,0,0,0
42091,42091,CT058,Natural gas CT,Natural gas,0.74,100,100,500,0,0.8,1,1,2,1,0,10.98,1,0,0,55,55,0,0,0
42091,42091,PT058,Petroleum CT,Petroleum,0.66,100,100,500,0,0.8,1,1,2,1,0,10.98,0,0,0,55,55,0,0,0
42091,42091,GT058,Geothermal,Geothermal,0,50,100,500,0,0.9,1,1,1,1,1,0,0,0,0,30,30,0,0,0
42091,42091,BP058,Biopower,Biomass,0.32,100,100,500,0,0.84,1,1,1,1,1,14.5,0,0,0,45,45,0,0,0
42091,42091,NC058,Nuclear,Nuclear,2.28,1000,100,500,0.7,0.93,0.2,0.2,36,36,1,10.4,0,0,0,80,80,0,0,0
42091,42091,WD058,Onshore wind,Wind,0,100,0,0,0,1,1,1,1,1,1,0,0,0,0,30,30,0,0,0
42091,42091,SL058,Solar,Solar,0.07,50,10,130,0,1,1,1,1,1,1,0,0,0,0,30,30,0,0,0
42013,42013,CS059,Natural gas CCS,Natural gas,0,700,100,500,0,1,1,1,7,5,0,7.54,1,0,0,55,55,0,0,0
42013,42013,CC059,Natural gas CC,Natural gas,0,700,100,500,0,1,1,1,7,5,0,7.54,1,0,0,55,55,0,0,0
42013,42013,CT059,Natural gas CT,Natural gas,0.02,100,100,500,0,0.8,1,1,2,1,0,10.98,1,0,0,55,55,0,0,0
42013,42013,GT059,Geothermal,Geothermal,0,50,100,500,0,0.9,1,1,1,1,1,0,0,0,0,30,30,0,0,0
42013,42013,NC059,Nuclear,Nuclear,0,1000,100,500,0.7,0.93,0.2,0.2,36,36,1,10.4,0,0,0,80,80,0,0,0
42013,42013,WD059,Onshore wind,Wind,1.63,100,3,3,0,1,1,1,1,1,1,0,0,0,0,30,30,0,0,0
42013,42013,SL059,Solar,Solar,0,50,10,160,0,1,1,1,1,1,1,0,0,0,0,30,30,0,0,0
42033,42033,CS060,Natural gas CCS,Natural gas,0,700,100,500,0,1,1,1,7,5,0,7.54,1,0,0,55,55,0,0,0
42033,42033,CC060,Natural gas CC,Natural gas,0.89,700,100,500,0,1,1,1,7,5,0,7.54,1,0,0,55,55,0,0,0
42033,42033,CT060,Natural gas CT,Natural gas,0,100,100,500,0,0.8,1,1,2,1,0,10.98,1,0,0,55,55,0,0,0
42033,42033,GT060,Geothermal,Geothermal,0,50,100,500,0,0.9,1,1,1,1,1,0,0,0,0,30,30,0,0,0
42033,42033,NC060,Nuclear,Nuclear,0,1000,100,500,0.7,0.93,0.2,0.2,36,36,1,10.4,0,0,0,80,80,0,0,0
42033,42033,WD060,Onshore wind,Wind,0,100,5,51,0,1,1,1,1,1,1,0,0,0,0,30,30,0,0,0
42033,42033,SL060,Solar,Solar,0.8,50,10,745,0,1,1,1,1,1,1,0,0,0,0,30,30,0,0,0
42113,42113,CS061,Natural gas CCS,Natural gas,0,700,100,500,0,1,1,1,7,5,0,7.54,1,0,0,55,55,0,0,0
42113,42113,CC061,Natural gas CC,Natural gas,0,700,100,500,0,1,1,1,7,5,0,7.54,1,0,0,55,55,0,0,0
42113,42113,CT061,Natural gas CT,Natural gas,0,100,100,500,0,0.8,1,1,2,1,0,10.98,1,0,0,55,55,0,0,0
42113,42113,GT061,Geothermal,Geothermal,0,50,100,500,0,0.9,1,1,1,1,1,0,0,0,0,30,30,0,0,0
42113,42113,NC061,Nuclear,Nuclear,0,1000,100,500,0.7,0.93,0.2,0.2,36,36,1,10.4,0,0,0,80,80,0,0,0
42113,42113,WD061,Onshore wind,Wind,0,100,5,25,0,1,1,1,1,1,1,0,0,0,0,30,30,0,0,0
42113,42113,SL061,Solar,Solar,0,50,10,274,0,1,1,1,1,1,1,0,0,0,0,30,30,0,0,0
9180,9180,CS062,Natural gas CCS,Natural gas,0,700,100,500,0,1,1,1,7,5,0,7.54,1,0,0,55,55,0,0,0
9180,9180,CC062,Natural gas CC,Natural gas,0.22,700,100,500,0,1,1,1,7,5,0,7.54,1,0,0,55,55,0,0,0
9180,9180,CT062,Natural gas CT,Natural gas,0.26,100,100,500,0,0.8,1,1,2,1,0,10.98,1,0,0,55,55,0,0,0
9180,9180,PT062,Petroleum CT,Petroleum,4.66,100,100,500,0,0.8,1,1,2,1,0,10.98,0,0,0,55,55,0,0,0
9180,9180,GT062,Geothermal,Geothermal,0,50,100,500,0,0.9,1,1,1,1,1,0,0,0,0,30,30,0,0,0
9180,9180,BP062,Biopower,Biomass,0.33,100,100,500,0,0.84,1,1,1,1,1,14.5,0,0,0,45,45,0,0,0
9180,9180,NC062,Nuclear,Nuclear,2.26,1000,100,500,0.7,0.93,0.2,0.2,36,36,1,10.4,0,0,0,80,80,0,0,0
9180,9180,HD062,Hydro,Hydro,0.07,100,0,500,0,1,1,1,1,1,1,0,0,0,0,100,100,0,0,0
9180,9180,WD062,Onshore wind,Wind,0,100,5,10,0,1,1,1,1,1,1,0,0,0,0,30,30,0,0,0
9180,9180,SL062,Solar,Solar,1.2,50,10,204,0,1,1,1,1,1,1,0,0,0,0,30,30,0,0,0
42111,42111,CS063,Natural gas CCS,Natural gas,0,700,100,500,0,1,1,1,7,5,0,7.54,1,0,0,55,55,0,0,0
42111,42111,CC063,Natural gas CC,Natural gas,0,700,100,500,0,1,1,1,7,5,0,7.54,1,0,0,55,55,0,0,0
42111,42111,CT063,Natural gas CT,Natural gas,0,100,100,500,0,0.8,1,1,2,1,0,10.98,1,0,0,55,55,0,0,0
42111,42111,GT063,Geothermal,Geothermal,0,50,100,500,0,0.9,1,1,1,1,1,0,0,0,0,30,30,0,0,0
42111,42111,BP063,Biopower,Biomass,0.03,100,100,500,0,0.84,1,1,1,1,1,14.5,0,0,0,45,45,0,0,0
42111,42111,NC063,Nuclear,Nuclear,0,1000,100,500,0.7,0.93,0.2,0.2,36,36,1,10.4,0,0,0,80,80,0,0,0
42111,42111,HD063,Hydro,Hydro,0.12,100,0,500,0,1,1,1,1,1,1,0,0,0,0,100,100,0,0,0
42111,42111,WD063,Onshore wind,Wind,3.72,100,5,6,0,1,1,1,1,1,1,0,0,0,0,30,30,0,0,0
42111,42111,SL063,Solar,Solar,0,50,10,520,0,1,1,1,1,1,1,0,0,0,0,30,30,0,0,0
42101,42101,CS064,Natural gas CCS,Natural gas,0,700,100,500,0,1,1,1,7,5,0,7.54,1,0,0,55,55,0,0,0
42101,42101,CC064,Natural gas CC,Natural gas,0.08,700,100,500,0,1,1,1,7,5,0,7.54,1,0,0,55,55,0,0,0
42101,42101,CT064,Natural gas CT,Natural gas,1.59,100,100,500,0,0.8,1,1,2,1,0,10.98,1,0,0,55,55,0,0,0
42101,42101,PT064,Petroleum CT,Petroleum,3.23,100,100,500,0,0.8,1,1,2,1,0,10.98,0,0,0,55,55,0,0,0
42101,42101,GT064,Geothermal,Geothermal,0,50,100,500,0,0.9,1,1,1,1,1,0,0,0,0,30,30,0,0,0
42101,42101,BP064,Biopower,Biomass,0.06,100,100,500,0,0.84,1,1,1,1,1,14.5,0,0,0,45,45,0,0,0
42101,42101,NC064,Nuclear,Nuclear,0,1000,100,500,0.7,0.93,0.2,0.2,36,36,1,10.4,0,0,0,80,80,0,0,0
42101,42101,WD064,Onshore wind,Wind,0,100,0,0,0,1,1,1,1,1,1,0,0,0,0,30,30,0,0,0
42101,42101,SL064,Solar,Solar,0.06,50,10,16,0,1,1,1,1,1,1,0,0,0,0,30,30,0,0,0
36111,36111,CS065,Natural gas CCS,Natural gas,0,700,100,500,0,1,1,1,7,5,0,7.54,1,0,0,55,55,0,0,0
36111,36111,CC065,Natural gas CC,Natural gas,0,700,100,500,0,1,1,1,7,5,0,7.54,1,0,0,55,55,0,0,0
36111,36111,CT065,Natural gas CT,Natural gas,0,100,100,500,0,0.8,1,1,2,1,0,10.98,1,0,0,55,55,0,0,0
36111,36111,GT065,Geothermal,Geothermal,0,50,100,500,0,0.9,1,1,1,1,1,0,0,0,0,30,30,0,0,0
36111,36111,NC065,Nuclear,Nuclear,0,1000,100,500,0.7,0.93,0.2,0.2,36,36,1,10.4,0,0,0,80,80,0,0,0
36111,36111,HD065,Hydro,Hydro,0.27,100,0,500,0,1,1,1,1,1,1,0,0,0,0,100,100,0,0,0
36111,36111,WD065,Onshore wind,Wind,0,100,5,12,0,1,1,1,1,1,1,0,0,0,0,30,30,0,0,0
36111,36111,SL065,Solar,Solar,0.84,50,10,359,0,1,1,1,1,1,1,0,0,0,0,30,30,0,0,0
36081,36081,CS066,Natural gas CCS,Natural gas,0,700,100,500,0,1,1,1,7,5,0,7.54,1,0,0,55,55,0,0,0
36081,36081,CC066,Natural gas CC,Natural gas,7.05,700,100,500,0,1,1,1,7,5,0,7.54,1,0,0,55,55,0,0,0
36081,36081,CT066,Natural gas CT,Natural gas,2.3,100,100,500,0,0.8,1,1,2,1,0,10.98,1,0,0,55,55,0,0,0
36081,36081,PT066,Petroleum CT,Petroleum,0.12,100,100,500,0,0.8,1,1,2,1,0,10.98,0,0,0,55,55,0,0,0
36081,36081,GT066,Geothermal,Geothermal,0,50,100,500,0,0.9,1,1,1,1,1,0,0,0,0,30,30,0,0,0
36081,36081,NC066,Nuclear,Nuclear,0,1000,100,500,0.7,0.93,0.2,0.2,36,36,1,10.4,0,0,0,80,80,0,0,0
36081,36081,WD066,Onshore wind,Wind,0,100,0,0,0,1,1,1,1,1,1,0,0,0,0,30,30,0,0,0
36081,36081,SL066,Solar,Solar,0.02,50,10,10,0,1,1,1,1,1,1,0,0,0,0,30,30,0,0,0
25011,25011,CS067,Natural gas CCS,Natural gas,0,700,100,500,0,1,1,1,7,5,0,7.54,1,0,0,55,55,0,0,0
25011,25011,CC067,Natural gas CC,Natural gas,0,700,100,500,0,1,1,1,7,5,0,7.54,1,0,0,55,55,0,0,0
25011,25011,CT067,Natural gas CT,Natural gas,0.06,100,100,500,0,0.8,1,1,2,1,0,10.98,1,0,0,55,55,0,0,0
25011,25011,GT067,Geothermal,Geothermal,0,50,100,500,0,0.9,1,1,1,1,1,0,0,0,0,30,30,0,0,0
25011,25011,NC067,Nuclear,Nuclear,0,1000,100,500,0.7,0.93,0.2,0.2,36,36,1,10.4,0,0,0,80,80,0,0,0
25011,25011,HD067,Hydro,Hydro,0.92,100,0,500,0,1,1,1,1,1,1,0,0,0,0,100,100,0,0,0
25011,25011,WD067,Onshore wind,Wind,0,100,5,11,0,1,1,1,1,1,1,0,0,0,0,30,30,0,0,0
25011,25011,SL067,Solar,Solar,1.17,50,10,253,0,1,1,1,1,1,1,0,0,0,0,30,30,0,0,0
42125,42125,CS068,Natural gas CCS,Natural gas,0,700,100,500,0,1,1,1,7,5,0,7.54,1,0,0,55,55,0,0,0
42125,42125,CC068,Natural gas CC,Natural gas,0,700,100,500,0,1,1,1,7,5,0,7.54,1,0,0,55,55,0,0,0
42125,42125,CT068,Natural gas CT,Natural gas,0,100,100,500,0,0.8,1,1,2,1,0,10.98,1,0,0,55,55,0,0,0
42125,42125,GT068,Geothermal,Geothermal,0,50,100,500,0,0.9,1,1,1,1,1,0,0,0,0,30,30,0,0,0
42125,42125,BP068,Biopower,Biomass,0.05,100,100,500,0,0.84,1,1,1,1,1,14.5,0,0,0,45,45,0,0,0
42125,42125,NC068,Nuclear,Nuclear,0,1000,100,500,0.7,0.93,0.2,0.2,36,36,1,10.4,0,0,0,80,80,0,0,0
42125,42125,WD068,Onshore wind,Wind,0,100,5,26,0,1,1,1,1,1,1,0,0,0,0,30,30,0,0,0
42125,42125,SL068,Solar,Solar,0,50,10,314,0,1,1,1,1,1,1,0,0,0,0,30,30,0,0,0
34001,34001,CS069,Natural gas CCS,Natural gas,0,700,100,500,0,1,1,1,7,5,0,7.54,1,0,0,55,55,0,0,0
34001,34001,CC069,Natural gas CC,Natural gas,0,700,100,500,0,1,1,1,7,5,0,7.54,1,0,0,55,55,0,0,0
34001,34001,CT069,Natural gas CT,Natural gas,0.13,100,100,500,0,0.8,1,1,2,1,0,10.98,1,0,0,55,55,0,0,0
34001,34001,GT069,Geothermal,Geothermal,0,50,100,500,0,0.9,1,1,1,1,1,0,0,0,0,30,30,0,0,0
34001,34001,NC069,Nuclear,Nuclear,0,1000,100,500,0.7,0.93,0.2,0.2,36,36,1,10.4,0,0,0,80,80,0,0,0
34001,34001,WD069,Onshore wind,Wind,0.08,100,5,10,0,1,1,1,1,1,1,0,0,0,0,30,30,0,0,0
34001,34001,SL069,Solar,Solar,0.65,50,10,163,0,1,1,1,1,1,1,0,0,0,0,30,30,0,0,0
9130,9130,CS070,Natural gas CCS,Natural gas,0,700,100,500,0,1,1,1,7,5,0,7.54,1,0,0,55,55,0,0,0
9130,9130,CC070,Natural gas CC,Natural gas,1.5,700,100,500,0,1,1,1,7,5,0,7.54,1,0,0,55,55,0,0,0
9130,9130,CT070,Natural gas CT,Natural gas,0.02,100,100,500,0,0.8,1,1,2,1,0,10.98,1,0,0,55,55,0,0,0
9130,9130,PT070,Petroleum CT,Petroleum,6.75,100,100,500,0,0.8,1,1,2,1,0,10.98,0,0,0,55,55,0,0,0
9130,9130,GT070,Geothermal,Geothermal,0,50,100,500,0,0.9,1,1,1,1,1,0,0,0,0,30,30,0,0,0
9130,9130,NC070,Nuclear,Nuclear,0,1000,100,500,0.7,0.93,0.2,0.2,36,36,1,10.4,0,0,0,80,80,0,0,0
9130,9130,WD070,Onshore wind,Wind,0,100,5,9,0,1,1,1,1,1,1,0,0,0,0,30,30,0,0,0
9130,9130,SL070,Solar,Solar,0.78,50,10,177,0,1,1,1,1,1,1,0,0,0,0,30,30,0,0,0
36103,36103,CS071,Natural gas CCS,Natural gas,0,700,100,500,0,1,1,1,7,5,0,7.54,1,0,0,55,55,0,0,0
36103,36103,CC071,Natural gas CC,Natural gas,3.63,700,100,500,0,1,1,1,7,5,0,7.54,1,0,0,55,55,0,0,0
36103,36103,CT071,Natural gas CT,Natural gas,3.04,100,100,500,0,0.8,1,1,2,1,0,10.98,1,0,0,55,55,0,0,0
36103,36103,PT071,Petroleum CT,Petroleum,11.25,100,100,500,0,0.8,1,1,2,1,0,10.98,0,0,0,55,55,0,0,0
36103,36103,GT071,Geothermal,Geothermal,0,50,100,500,0,0.9,1,1,1,1,1,0,0,0,0,30,30,0,0,0
36103,36103,BP071,Biopower,Biomass,0.57,100,100,500,0,0.84,1,1,1,1,1,14.5,0,0,0,45,45,0,0,0
36103,36103,NC071,Nuclear,Nuclear,0,1000,100,500,0.7,0.93,0.2,0.2,36,36,1,10.4,0,0,0,80,80,0,0,0
36103,36103,WD071,Onshore wind,Wind,0,100,2,2,0,1,1,1,1,1,1,0,0,0,0,30,30,0,0,0
36103,36103,SL071,Solar,Solar,3.01,50,10,224,0,1,1,1,1,1,1,0,0,0,0,30,30,0,0,0
42017,42017,CS072,Natural gas CCS,Natural gas,0,700,100,500,0,1,1,1,7,5,0,7.54,1,0,0,55,55,0,0,0
42017,42017,CC072,Natural gas CC,Natural gas,1.91,700,100,500,0,1,1,1,7,5,0,7.54,1,0,0,55,55,0,0,0
42017,42017,CT072,Natural gas CT,Natural gas,0,100,100,500,0,0.8,1,1,2,1,0,10.98,1,0,0,55,55,0,0,0
42017,42017,PT072,Petroleum CT,Petroleum,6.25,100,100,500,0,0.8,1,1,2,1,0,10.98,0,0,0,55,55,0,0,0
42017,42017,GT072,Geothermal,Geothermal,0,50,100,500,0,0.9,1,1,1,1,1,0,0,0,0,30,30,0,0,0
42017,42017,BP072,Biopower,Biomass,0.55,100,100,500,0,0.84,1,1,1,1,1,14.5,0,0,0,45,45,0,0,0
42017,42017,NC072,Nuclear,Nuclear,0,1000,100,500,0.7,0.93,0.2,0.2,36,36,1,10.4,0,0,0,80,80,0,0,0
42017,42017,WD072,Onshore wind,Wind,0,100,0,0,0,1,1,1,1,1,1,0,0,0,0,30,30,0,0,0
42017,42017,SL072,Solar,Solar,0.06,50,10,177,0,1,1,1,1,1,1,0,0,0,0,30,30,0,0,0
36063,36063,CS073,Natural gas CCS,Natural gas,0,700,100,500,0,1,1,1,7,5,0,7.54,1,0,0,55,55,0,0,0
36063,36063,CC073,Natural gas CC,Natural gas,0.41,700,100,500,0,1,1,1,7,5,0,7.54,1,0,0,55,55,0,0,0
36063,36063,CT073,Natural gas CT,Natural gas,0,100,100,500,0,0.8,1,1,2,1,0,10.98,1,0,0,55,55,0,0,0
36063,36063,GT073,Geothermal,Geothermal,0,50,100,500,0,0.9,1,1,1,1,1,0,0,0,0,30,30,0,0,0
36063,36063,BP073,Biopower,Biomass,0.59,100,100,500,0,0.84,1,1,1,1,1,14.5,0,0,0,45,45,0,0,0
36063,36063,NC073,Nuclear,Nuclear,0,1000,100,500,0.7,0.93,0.2,0.2,36,36,1,10.4,0,0,0,80,80,0,0,0
36063,36063,HD073,Hydro,Hydro,22.39,100,0,500,0,1,1,1,1,1,1,0,0,0,0,100,100,0,0,0
36063,36063,WD073,Onshore wind,Wind,0,100,5,20,0,1,1,1,1,1,1,0,0,0,0,30,30,0,0,0
36063,36063,SL073,Solar,Solar,0.55,50,10,149,0,1,1,1,1,1,1,0,0,0,0,30,30,0,0,0
36119,36119,CS074,Natural gas CCS,Natural gas,0,700,100,500,0,1,1,1,7,5,0,7.54,1,0,0,55,55,0,0,0
36119,36119,CC074,Natural gas CC,Natural gas,0,700,100,500,0,1,1,1,7,5,0,7.54,1,0,0,55,55,0,0,0
36119,36119,CT074,Natural gas CT,Natural gas,0,100,100,500,0,0.8,1,1,2,1,0,10.98,1,0,0,55,55,0,0,0
36119,36119,GT074,Geothermal,Geothermal,0,50,100,500,0,0.9,1,1,1,1,1,0,0,0,0,30,30,0,0,0
36119,36119,BP074,Biopower,Biomass,0.6,100,100,500,0,0.84,1,1,1,1,1,14.5,0,0,0,45,45,0,0,0
36119,36119,NC074,Nuclear,Nuclear,0,1000,100,500,0.7,0.93,0.2,0.2,36,36,1,10.4,0,0,0,80,80,0,0,0
36119,36119,WD074,Onshore wind,Wind,0,100,2,2,0,1,1,1,1,1,1,0,0,0,0,30,30,0,0,0
36119,36119,SL074,Solar,Solar,0.3,50,10,132,0,1,1,1,1,1,1,0,0,0,0,30,30,0,0,0
36105,36105,CS075,Natural gas CCS,Natural gas,0,700,100,500,0,1,1,1,7,5,0,7.54,1,0,0,55,55,0,0,0
36105,36105,CC075,Natural gas CC,Natural gas,0,700,100,500,0,1,1,1,7,5,0,7.54,1,0,0,55,55,0,0,0
36105,36105,CT075,Natural gas CT,Natural gas,0,100,100,500,0,0.8,1,1,2,1,0,10.98,1,0,0,55,55,0,0,0
36105,36105,GT075,Geothermal,Geothermal,0,50,100,500,0,0.9,1,1,1,1,1,0,0,0,0,30,30,0,0,0
36105,36105,NC075,Nuclear,Nuclear,0,1000,100,500,0.7,0.93,0.2,0.2,36,36,1,10.4,0,0,0,80,80,0,0,0
36105,36105,HD075,Hydro,Hydro,0.77,100,0,500,0,1,1,1,1,1,1,0,0,0,0,100,100,0,0,0
36105,36105,WD075,Onshore wind,Wind,0,100,5,27,0,1,1,1,1,1,1,0,0,0,0,30,30,0,0,0
36105,36105,SL075,Solar,Solar,0.58,50,10,530,0,1,1,1,1,1,1,0,0,0,0,30,30,0,0,0
25007,25007,CS076,Natural gas CCS,Natural gas,0,700,100,500,0,1,1,1,7,5,0,7.54,1,0,0,55,55,0,0,0
25007,25007,CC076,Natural gas CC,Natural gas,0,700,100,500,0,1,1,1,7,5,0,7.54,1,0,0,55,55,0,0,0
25007,25007,CT076,Natural gas CT,Natural gas,0,100,100,500,0,0.8,1,1,2,1,0,10.98,1,0,0,55,55,0,0,0
25007,25007,PT076,Petroleum CT,Petroleum,0.14,100,100,500,0,0.8,1,1,2,1,0,10.98,0,0,0,55,55,0,0,0
25007,25007,GT076,Geothermal,Geothermal,0,50,100,500,0,0.9,1,1,1,1,1,0,0,0,0,30,30,0,0,0
25007,25007,NC076,Nuclear,Nuclear,0,1000,100,500,0.7,0.93,0.2,0.2,36,36,1,10.4,0,0,0,80,80,0,0,0
25007,25007,WD076,Onshore wind,Wind,0,100,0,0,0,1,1,1,1,1,1,0,0,0,0,30,30,0,0,0
25007,25007,SL076,Solar,Solar,0.06,50,10,26,0,1,1,1,1,1,1,0,0,0,0,30,30,0,0,0
34031,34031,CS077,Natural gas CCS,Natural gas,0,700,100,500,0,1,1,1,7,5,0,7.54,1,0,0,55,55,0,0,0
34031,34031,CC077,Natural gas CC,Natural gas,0,700,100,500,0,1,1,1,7,5,0,7.54,1,0,0,55,55,0,0,0
34031,34031,CT077,Natural gas CT,Natural gas,0.22,100,100,500,0,0.8,1,1,2,1,0,10.98,1,0,0,55,55,0,0,0
34031,34031,GT077,Geothermal,Geothermal,0,50,100,500,0,0.9,1,1,1,1,1,0,0,0,0,30,30,0,0,0
34031,34031,NC077,Nuclear,Nuclear,0,1000,100,500,0.7,0.93,0.2,0.2,36,36,1,10.4,0,0,0,80,80,0,0,0
34031,34031,HD077,Hydro,Hydro,0.08,100,0,500,0,1,1,1,1,1,1,0,0,0,0,100,100,0,0,0
34031,34031,WD077,Onshore wind,Wind,0,100,2,2,0,1,1,1,1,1,1,0,0,0,0,30,30,0,0,0
34031,34031,SL077,Solar,Solar,0.06,50,10,48,0,1,1,1,1,1,1,0,0,0,0,30,30,0,0,0
42097,42097,CS078,Natural gas CCS,Natural gas,0,700,100,500,0,1,1,1,7,5,0,7.54,1,0,0,55,55,0,0,0
42097,42097,CC078,Natural gas CC,Natural gas,0,700,100,500,0,1,1,1,7,5,0,7.54,1,0,0,55,55,0,0,0
42097,42097,CT078,Natural gas CT,Natural gas,0,100,100,500,0,0.8,1,1,2,1,0,10.98,1,0,0,55,55,0,0,0
42097,42097,CL078,Coal IGCC,Coal,0.08,600,100,500,0,0.85,1,1,7,5,0,9.2,0,0,4788,70,70,0,0,0
42097,42097,GT078,Geothermal,Geothermal,0,50,100,500,0,0.9,1,1,1,1,1,0,0,0,0,30,30,0,0,0
42097,42097,NC078,Nuclear,Nuclear,0,1000,100,500,0.7,0.93,0.2,0.2,36,36,1,10.4,0,0,0,80,80,0,0,0
42097,42097,WD078,Onshore wind,Wind,0,100,5,14,0,1,1,1,1,1,1,0,0,0,0,30,30,0,0,0
42097,42097,SL078,Solar,Solar,0,50,10,123,0,1,1,1,1,1,1,0,0,0,0,30,30,0,0,0
36113,36113,CS079,Natural gas CCS,Natural gas,0,700,100,500,0,1,1,1,7,5,0,7.54,1,0,0,55,55,0,0,0
36113,36113,CC079,Natural gas CC,Natural gas,0,700,100,500,0,1,1,1,7,5,0,7.54,1,0,0,55,55,0,0,0
36113,36113,CT079,Natural gas CT,Natural gas,0,100,100,500,0,0.8,1,1,2,1,0,10.98,1,0,0,55,55,0,0,0
36113,36113,GT079,Geothermal,Geothermal,0,50,100,500,0,0.9,1,1,1,1,1,0,0,0,0,30,30,0,0,0
36113,36113,BP079,Biopower,Biomass,0.29,100,100,500,0,0.84,1,1,1,1,1,14.5,0,0,0,45,45,0,0,0
36113,36113,NC079,Nuclear,Nuclear,0,1000,100,500,0.7,0.93,0.2,0.2,36,36,1,10.4,0,0,0,80,80,0,0,0
36113,36113,HD079,Hydro,Hydro,0.51,100,0,500,0,1,1,1,1,1,1,0,0,0,0,100,100,0,0,0
36113,36113,WD079,Onshore wind,Wind,0,100,5,11,0,1,1,1,1,1,1,0,0,0,0,30,30,0,0,0
36113,36113,SL079,Solar,Solar,0.04,50,10,232,0,1,1,1,1,1,1,0,0,0,0,30,30,0,0,0
36075,36075,CS080,Natural gas CCS,Natural gas,0,700,100,500,0,1,1,1,7,5,0,7.54,1,0,0,55,55,0,0,0
36075,36075,CC080,Natural gas CC,Natural gas,1.63,700,100,500,0,1,1,1,7,5,0,7.54,1,0,0,55,55,0,0,0
36075,36075,CT080,Natural gas CT,Natural gas,0,100,100,500,0,0.8,1,1,2,1,0,10.98,1,0,0,55,55,0,0,0
36075,36075,PT080,Petroleum CT,Petroleum,18.04,100,100,500,0,0.8,1,1,2,1,0,10.98,0,0,0,55,55,0,0,0
36075,36075,GT080,Geothermal,Geothermal,0,50,100,500,0,0.9,1,1,1,1,1,0,0,0,0,30,30,0,0,0
36075,36075,BP080,Biopower,Biomass,0.04,100,100,500,0,0.84,1,1,1,1,1,14.5,0,0,0,45,45,0,0,0
36075,36075,NC080,Nuclear,Nuclear,2.78,1000,100,500,0.7,0.93,0.2,0.2,36,36,1,10.4,0,0,0,80,80,0,0,0
36075,36075,HD080,Hydro,Hydro,0.94,100,0,500,0,1,1,1,1,1,1,0,0,0,0,100,100,0,0,0
36075,36075,WD080,Onshore wind,Wind,0,100,5,39,0,1,1,1,1,1,1,0,0,0,0,30,30,0,0,0
36075,36075,SL080,Solar,Solar,0.65,50,10,684,0,1,1,1,1,1,1,0,0,0,0,30,30,0,0,0
44005,44005,CS081,Natural gas CCS,Natural gas,0,700,100,500,0,1,1,1,7,5,0,7.54,1,0,0,55,55,0,0,0
44005,44005,CC081,Natural gas CC,Natural gas,0.41,700,100,500,0,1,1,1,7,5,0,7.54,1,0,0,55,55,0,0,0
44005,44005,CT081,Natural gas CT,Natural gas,0,100,100,500,0,0.8,1,1,2,1,0,10.98,1,0,0,55,55,0,0,0
44005,44005,GT081,Geothermal,Geothermal,0,50,100,500,0,0.9,1,1,1,1,1,0,0,0,0,30,30,0,0,0
44005,44005,NC081,Nuclear,Nuclear,0,1000,100,500,0.7,0.93,0.2,0.2,36,36,1,10.4,0,0,0,80,80,0,0,0
44005,44005,WD081,Onshore wind,Wind,0.02,100,0,0,0,1,1,1,1,1,1,0,0,0,0,30,30,0,0,0
44005,44005,SL081,Solar,Solar,0.75,50,10,18,0,1,1,1,1,1,1,0,0,0,0,30,30,0,0,0
42023,42023,CS082,Natural gas CCS,Natural gas,0,700,100,500,0,1,1,1,7,5,0,7.54,1,0,0,55,55,0,0,0
42023,42023,CC082,Natural gas CC,Natural gas,0,700,100,500,0,1,1,1,7,5,0,7.54,1,0,0,55,55,0,0,0
42023,42023,CT082,Natural gas CT,Natural gas,0,100,100,500,0,0.8,1,1,2,1,0,10.98,1,0,0,55,55,0,0,0
42023,42023,GT082,Geothermal,Geothermal,0,50,100,500,0,0.9,1,1,1,1,1,0,0,0,0,30,30,0,0,0
42023,42023,NC082,Nuclear,Nuclear,0,1000,100,500,0.7,0.93,0.2,0.2,36,36,1,10.4,0,0,0,80,80,0,0,0
42023,42023,WD082,Onshore wind,Wind,0,100,5,22,0,1,1,1,1,1,1,0,0,0,0,30,30,0,0,0
42023,42023,SL082,Solar,Solar,0,50,10,140,0,1,1,1,1,1,1,0,0,0,0,30,30,0,0,0
42103,42103,CS083,Natural gas CCS,Natural gas,0,700,100,500,0,1,1,1,7,5,0,7.54,1,0,0,55,55,0,0,0
42103,42103,CC083,Natural gas CC,Natural gas,0,700,100,500,0,1,1,1,7,5,0,7.54,1,0,0,55,55,0,0,0
42103,42103,CT083,Natural gas CT,Natural gas,0,100,100,500,0,0.8,1,1,2,1,0,10.98,1,0,0,55,55,0,0,0
42103,42103,GT083,Geothermal,Geothermal,0,50,100,500,0,0.9,1,1,1,1,1,0,0,0,0,30,30,0,0,0
42103,42103,NC083,Nuclear,Nuclear,0,1000,100,500,0.7,0.93,0.2,0.2,36,36,1,10.4,0,0,0,80,80,0,0,0
42103,42103,HD083,Hydro,Hydro,0.4,100,0,500,0,1,1,1,1,1,1,0,0,0,0,100,100,0,0,0
42103,42103,WD083,Onshore wind,Wind,0,100,5,19,0,1,1,1,1,1,1,0,0,0,0,30,30,0,0,0
42103,42103,SL083,Solar,Solar,0,50,10,395,0,1,1,1,1,1,1,0,0,0,0,30,30,0,0,0
36059,36059,CS084,Natural gas CCS,Natural gas,0,700,100,500,0,1,1,1,7,5,0,7.54,1,0,0,55,55,0,0,0
36059,36059,CC084,Natural gas CC,Natural gas,0.75,700,100,500,0,1,1,1,7,5,0,7.54,1,0,0,55,55,0,0,0
36059,36059,CT084,Natural gas CT,Natural gas,6.69,100,100,500,0,0.8,1,1,2,1,0,10.98,1,0,0,55,55,0,0,0
36059,36059,PT084,Petroleum CT,Petroleum,1.34,100,100,500,0,0.8,1,1,2,1,0,10.98,0,0,0,55,55,0,0,0
36059,36059,GT084,Geothermal,Geothermal,0,50,100,500,0,0.9,1,1,1,1,1,0,0,0,0,30,30,0,0,0
36059,36059,BP084,Biopower,Biomass,0.79,100,100,500,0,0.84,1,1,1,1,1,14.5,0,0,0,45,45,0,0,0
36059,36059,NC084,Nuclear,Nuclear,0,1000,100,500,0.7,0.93,0.2,0.2,36,36,1,10.4,0,0,0,80,80,0,0,0
36059,36059,WD084,Onshore wind,Wind,0,100,0,0,0,1,1,1,1,1,1,0,0,0,0,30,30,0,0,0
36059,36059,SL084,Solar,Solar,0.04,50,10,49,0,1,1,1,1,1,1,0,0,0,0,30,30,0,0,0
25009,25009,CS085,Natural gas CCS,Natural gas,0,700,100,500,0,1,1,1,7,5,0,7.54,1,0,0,55,55,0,0,0
25009,25009,CC085,Natural gas CC,Natural gas,1.14,700,100,500,0,1,1,1,7,5,0,7.54,1,0,0,55,55,0,0,0
25009,25009,CT085,Natural gas CT,Natural gas,0.76,100,100,500,0,0.8,1,1,2,1,0,10.98,1,0,0,55,55,0,0,0
25009,25009,PT085,Petroleum CT,Petroleum,0.07,100,100,500,0,0.8,1,1,2,1,0,10.98,0,0,0,55,55,0,0,0
25009,25009,GT085,Geothermal,Geothermal,0,50,100,500,0,0.9,1,1,1,1,1,0,0,0,0,30,30,0,0,0
25009,25009,BP085,Biopower,Biomass,1.44,100,100,500,0,0.84,1,1,1,1,1,14.5,0,0,0,45,45,0,0,0
25009,25009,NC085,Nuclear,Nuclear,0,1000,100,500,0.7,0.93,0.2,0.2,36,36,1,10.4,0,0,0,80,80,0,0,0
25009,25009,HD085,Hydro,Hydro,0.15,100,0,500,0,1,1,1,1,1,1,0,0,0,0,100,100,0,0,0
25009,25009,WD085,Onshore wind,Wind,0.06,100,1,1,0,1,1,1,1,1,1,0,0,0,0,30,30,0,0,0
25009,25009,SL085,Solar,Solar,1.06,50,10,126,0,1,1,1,1,1,1,0,0,0,0,30,30,0,0,0
34013,34013,CS086,Natural gas CCS,Natural gas,0,700,100,500,0,1,1,1,7,5,0,7.54,1,0,0,55,55,0,0,0
34013,34013,CC086,Natural gas CC,Natural gas,1.05,700,100,500,0,1,1,1,7,5,0,7.54,1,0,0,55,55,0,0,0
34013,34013,CT086,Natural gas CT,Natural gas,0.17,100,100,500,0,0.8,1,1,2,1,0,10.98,1,0,0,55,55,0,0,0
34013,34013,GT086,Geothermal,Geothermal,0,50,100,500,0,0.9,1,1,1,1,1,0,0,0,0,30,30,0,0,0
34013,34013,BP086,Biopower,Biomass,0.7,100,100,500,0,0.84,1,1,1,1,1,14.5,0,0,0,45,45,0,0,0
34013,34013,NC086,Nuclear,Nuclear,0,1000,100,500,0.7,0.93,0.2,0.2,36,36,1,10.4,0,0,0,80,80,0,0,0
34013,34013,WD086,Onshore wind,Wind,0,100,0,0,0,1,1,1,1,1,1,0,0,0,0,30,30,0,0,0
34013,34013,SL086,Solar,Solar,0.47,50,10,21,0,1,1,1,1,1,1,0,0,0,0,30,30,0,0,0
42089,42089,CS087,Natural gas CCS,Natural gas,0,700,100,500,0,1,1,1,7,5,0,7.54,1,0,0,55,55,0,0,0
42089,42089,CC087,Natural gas CC,Natural gas,0,700,100,500,0,1,1,1,7,5,0,7.54,1,0,0,55,55,0,0,0
42089,42089,CT087,Natural gas CT,Natural gas,0,100,100,500,0,0.8,1,1,2,1,0,10.98,1,0,0,55,55,0,0,0
42089,42089,PT087,Petroleum CT,Petroleum,0.2,100,100,500,0,0.8,1,1,2,1,0,10.98,0,0,0,55,55,0,0,0
42089,42089,GT087,Geothermal,Geothermal,0,50,100,500,0,0.9,1,1,1,1,1,0,0,0,0,30,30,0,0,0
42089,42089,NC087,Nuclear,Nuclear,0,1000,100,500,0.7,0.93,0.2,0.2,36,36,1,10.4,0,0,0,80,80,0,0,0
42089,42089,WD087,Onshore wind,Wind,0,100,5,10,0,1,1,1,1,1,1,0,0,0,0,30,30,0,0,0
42089,42089,SL087,Solar,Solar,0.05,50,10,307,0,1,1,1,1,1,1,0,0,0,0,30,30,0,0,0
34007,34007,CS088,Natural gas CCS,Natural gas,0,700,100,500,0,1,1,1,7,5,0,7.54,1,0,0,55,55,0,0,0
34007,34007,CC088,Natural gas CC,Natural gas,0.25,700,100,500,0,1,1,1,7,5,0,7.54,1,0,0,55,55,0,0,0
34007,34007,CT088,Natural gas CT,Natural gas,0,100,100,500,0,0.8,1,1,2,1,0,10.98,1,0,0,55,55,0,0,0
34007,34007,GT088,Geothermal,Geothermal,0,50,100,500,0,0.9,1,1,1,1,1,0,0,0,0,30,30,0,0,0
34007,34007,BP088,Biopower,Biomass,0.36,100,100,500,0,0.84,1,1,1,1,1,14.5,0,0,0,45,45,0,0,0
34007,34007,NC088,Nuclear,Nuclear,0,1000,100,500,0.7,0.93,0.2,0.2,36,36,1,10.4,0,0,0,80,80,0,0,0
34007,34007,WD088,Onshore wind,Wind,0,100,0,0,0,1,1,1,1,1,1,0,0,0,0,30,30,0,0,0
34007,34007,SL088,Solar,Solar,1.14,50,10,23,0,1,1,1,1,1,1,0,0,0,0,30,30,0,0,0
42129,42129,CS089,Natural gas CCS,Natural gas,0,700,100,500,0,1,1,1,7,5,0,7.54,1,0,0,55,55,0,0,0
42129,42129,CC089,Natural gas CC,Natural gas,1.62,700,100,500,0,1,1,1,7,5,0,7.54,1,0,0,55,55,0,0,0
42129,42129,CT089,Natural gas CT,Natural gas,0,100,100,500,0,0.8,1,1,2,1,0,10.98,1,0,0,55,55,0,0,0
42129,42129,GT089,Geothermal,Geothermal,0,50,100,500,0,0.9,1,1,1,1,1,0,0,0,0,30,30,0,0,0
42129,42129,NC089,Nuclear,Nuclear,0,1000,100,500,0.7,0.93,0.2,0.2,36,36,1,10.4,0,0,0,80,80,0,0,0
42129,42129,HD089,Hydro,Hydro,0.15,100,0,500,0,1,1,1,1,1,1,0,0,0,0,100,100,0,0,0
42129,42129,WD089,Onshore wind,Wind,0,100,1,1,0,1,1,1,1,1,1,0,0,0,0,30,30,0,0,0
42129,42129,SL089,Solar,Solar,0.07,50,10,282,0,1,1,1,1,1,1,0,0,0,0,30,30,0,0,0
9190,9190,CS090,Natural gas CCS,Natural gas,0,700,100,500,0,1,1,1,7,5,0,7.54,1,0,0,55,55,0,0,0
9190,9190,CC090,Natural gas CC,Natural gas,0.03,700,100,500,0,1,1,1,7,5,0,7.54,1,0,0,55,55,0,0,0
9190,9190,CT090,Natural gas CT,Natural gas,0.2,100,100,500,0,0.8,1,1,2,1,0,10.98,1,0,0,55,55,0,0,0
9190,9190,PT090,Petroleum CT,Petroleum,1.93,100,100,500,0,0.8,1,1,2,1,0,10.98,0,0,0,55,55,0,0,0
9190,9190,GT090,Geothermal,Geothermal,0,50,100,500,0,0.9,1,1,1,1,1,0,0,0,0,30,30,0,0,0
9190,9190,BP090,Biopower,Biomass,0.02,100,100,500,0,0.84,1,1,1,1,1,14.5,0,0,0,45,45,0,0,0
9190,9190,NC090,Nuclear,Nuclear,0,1000,100,500,0.7,0.93,0.2,0.2,36,36,1,10.4,0,0,0,80,80,0,0,0
9190,9190,HD090,Hydro,Hydro,0.07,100,0,500,0,1,1,1,1,1,1,0,0,0,0,100,100,0,0,0
9190,9190,WD090,Onshore wind,Wind,0,100,0,0,0,1,1,1,1,1,1,0,0,0,0,30,30,0,0,0
9190,9190,SL090,Solar,Solar,0,50,10,92,0,1,1,1,1,1,1,0,0,0,0,30,30,0,0,0
9140,9140,CS091,Natural gas CCS,Natural gas,0,700,100,500,0,1,1,1,7,5,0,7.54,1,0,0,55,55,0,0,0
9140,9140,CC091,Natural gas CC,Natural gas,1.2,700,100,500,0,1,1,1,7,5,0,7.54,1,0,0,55,55,0,0,0
9140,9140,CT091,Natural gas CT,Natural gas,0.96,100,100,500,0,0.8,1,1,2,1,0,10.98,1,0,0,55,55,0,0,0
9140,9140,GT091,Geothermal,Geothermal,0,50,100,500,0,0.9,1,1,1,1,1,0,0,0,0,30,30,0,0,0
9140,9140,BP091,Biopower,Biomass,0.16,100,100,500,0,0.84,1,1,1,1,1,14.5,0,0,0,45,45,0,0,0
9140,9140,NC091,Nuclear,Nuclear,0,1000,100,500,0.7,0.93,0.2,0.2,36,36,1,10.4,0,0,0,80,80,0,0,0
9140,9140,HD091,Hydro,Hydro,0.48,100,0,500,0,1,1,1,1,1,1,0,0,0,0,100,100,0,0,0
9140,9140,WD091,Onshore wind,Wind,0,100,0,0,0,1,1,1,1,1,1,0,0,0,0,30,30,0,0,0
9140,9140,SL091,Solar,Solar,0.2,50,10,112,0,1,1,1,1,1,1,0,0,0,0,30,30,0,0,0
9120,9120,CS092,Natural gas CCS,Natural gas,0,700,100,500,0,1,1,1,7,5,0,7.54,1,0,0,55,55,0,0,0
9120,9120,CC092,Natural gas CC,Natural gas,1.6,700,100,500,0,1,1,1,7,5,0,7.54,1,0,0,55,55,0,0,0
9120,9120,CT092,Natural gas CT,Natural gas,0.14,100,100,500,0,0.8,1,1,2,1,0,10.98,1,0,0,55,55,0,0,0
9120,9120,GT092,Geothermal,Geothermal,0,50,100,500,0,0.9,1,1,1,1,1,0,0,0,0,30,30,0,0,0
9120,9120,BP092,Biopower,Biomass,0.67,100,100,500,0,0.84,1,1,1,1,1,14.5,0,0,0,45,45,0,0,0
9120,9120,NC092,Nuclear,Nuclear,0,1000,100,500,0.7,0.93,0.2,0.2,36,36,1,10.4,0,0,0,80,80,0,0,0
9120,9120,HD092,Hydro,Hydro,0.3,100,0,500,0,1,1,1,1,1,1,0,0,0,0,100,100,0,0,0
9120,9120,WD092,Onshore wind,Wind,0,100,0,0,0,1,1,1,1,1,1,0,0,0,0,30,30,0,0,0
9120,9120,SL092,Solar,Solar,0.05,50,10,29,0,1,1,1,1,1,1,0,0,0,0,30,30,0,0,0
36079,36079,CS093,Natural gas CCS,Natural gas,0,700,100,500,0,1,1,1,7,5,0,7.54,1,0,0,55,55,0,0,0
36079,36079,CC093,Natural gas CC,Natural gas,0,700,100,500,0,1,1,1,7,5,0,7.54,1,0,0,55,55,0,0,0
36079,36079,CT093,Natural gas CT,Natural gas,0,100,100,500,0,0.8,1,1,2,1,0,10.98,1,0,0,55,55,0,0,0
36079,36079,GT093,Geothermal,Geothermal,0,50,100,500,0,0.9,1,1,1,1,1,0,0,0,0,30,30,0,0,0
36079,36079,NC093,Nuclear,Nuclear,0,1000,100,500,0.7,0.93,0.2,0.2,36,36,1,10.4,0,0,0,80,80,0,0,0
36079,36079,WD093,Onshore wind,Wind,0,100,1,1,0,1,1,1,1,1,1,0,0,0,0,30,30,0,0,0
36079,36079,SL093,Solar,Solar,0,50,10,82,0,1,1,1,1,1,1,0,0,0,0,30,30,0,0,0
36029,36029,CS094,Natural gas CCS,Natural gas,0,700,100,500,0,1,1,1,7,5,0,7.54,1,0,0,55,55,0,0,0
36029,36029,CC094,Natural gas CC,Natural gas,0.09,700,100,500,0,1,1,1,7,5,0,7.54,1,0,0,55,55,0,0,0
36029,36029,CT094,Natural gas CT,Natural gas,0,100,100,500,0,0.8,1,1,2,1,0,10.98,1,0,0,55,55,0,0,0
36029,36029,GT094,Geothermal,Geothermal,0,50,100,500,0,0.9,1,1,1,1,1,0,0,0,0,30,30,0,0,0
36029,36029,BP094,Biopower,Biomass,0.06,100,100,500,0,0.84,1,1,1,1,1,14.5,0,0,0,45,45,0,0,0
36029,36029,NC094,Nuclear,Nuclear,0,1000,100,500,0.7,0.93,0.2,0.2,36,36,1,10.4,0,0,0,80,80,0,0,0
36029,36029,WD094,Onshore wind,Wind,0.36,100,5,23,0,1,1,1,1,1,1,0,0,0,0,30,30,0,0,0
36029,36029,SL094,Solar,Solar,1.04,50,10,440,0,1,1,1,1,1,1,0,0,0,0,30,30,0,0,0
36001,36001,CS095,Natural gas CCS,Natural gas,0,700,100,500,0,1,1,1,7,5,0,7.54,1,0,0,55,55,0,0,0
36001,36001,CC095,Natural gas CC,Natural gas,1.9,700,100,500,0,1,1,1,7,5,0,7.54,1,0,0,55,55,0,0,0
36001,36001,CT095,Natural gas CT,Natural gas,0.04,100,100,500,0,0.8,1,1,2,1,0,10.98,1,0,0,55,55,0,0,0
36001,36001,GT095,Geothermal,Geothermal,0,50,100,500,0,0.9,1,1,1,1,1,0,0,0,0,30,30,0,0,0
36001,36001,BP095,Biopower,Biomass,0.12,100,100,500,0,0.84,1,1,1,1,1,14.5,0,0,0,45,45,0,0,0
36001,36001,NC095,Nuclear,Nuclear,0,1000,100,500,0.7,0.93,0.2,0.2,36,36,1,10.4,0,0,0,80,80,0,0,0
36001,36001,HD095,Hydro,Hydro,0.58,100,0,500,0,1,1,1,1,1,1,0,0,0,0,100,100,0,0,0
36001,36001,WD095,Onshore wind,Wind,0,100,1,1,0,1,1,1,1,1,1,0,0,0,0,30,30,0,0,0
36001,36001,SL095,Solar,Solar,0.62,50,10,253,0,1,1,1,1,1,1,0,0,0,0,30,30,0,0,0
25019,25019,CS096,Natural gas CCS,Natural gas,0,700,100,500,0,1,1,1,7,5,0,7.54,1,0,0,55,55,0,0,0
25019,25019,CC096,Natural gas CC,Natural gas,0,700,100,500,0,1,1,1,7,5,0,7.54,1,0,0,55,55,0,0,0
25019,25019,CT096,Natural gas CT,Natural gas,0,100,100,500,0,0.8,1,1,2,1,0,10.98,1,0,0,55,55,0,0,0
25019,25019,PT096,Petroleum CT,Petroleum,0.16,100,100,500,0,0.8,1,1,2,1,0,10.98,0,0,0,55,55,0,0,0
25019,25019,GT096,Geothermal,Geothermal,0,50,100,500,0,0.9,1,1,1,1,1,0,0,0,0,30,30,0,0,0
25019,25019,NC096,Nuclear,Nuclear,0,1000,100,500,0.7,0.93,0.2,0.2,36,36,1,10.4,0,0,0,80,80,0,0,0
25019,25019,WD096,Onshore wind,Wind,0,100,0,0,0,1,1,1,1,1,1,0,0,0,0,30,30,0,0,0
25019,25019,SL096,Solar,Solar,0,50,0,0,0,1,1,1,1,1,1,0,0,0,0,30,30,0,0,0
42003,42003,CS097,Natural gas CCS,Natural gas,0,700,100,500,0,1,1,1,7,5,0,7.54,1,0,0,55,55,0,0,0
42003,42003,CC097,Natural gas CC,Natural gas,1.4,700,100,500,0,1,1,1,7,5,0,7.54,1,0,0,55,55,0,0,0
42003,42003,CT097,Natural gas CT,Natural gas,1.15,100,100,500,0,0.8,1,1,2,1,0,10.98,1,0,0,55,55,0,0,0
42003,42003,PT097,Petroleum CT,Petroleum,0.26,100,100,500,0,0.8,1,1,2,1,0,10.98,0,0,0,55,55,0,0,0
42003,42003,GT097,Geothermal,Geothermal,0,50,100,500,0,0.9,1,1,1,1,1,0,0,0,0,30,30,0,0,0
42003,42003,NC097,Nuclear,Nuclear,0,1000,100,500,0.7,0.93,0.2,0.2,36,36,1,10.4,0,0,0,80,80,0,0,0
42003,42003,WD097,Onshore wind,Wind,0,100,2,2,0,1,1,1,1,1,1,0,0,0,0,30,30,0,0,0
42003,42003,SL097,Solar,Solar,0.06,50,10,165,0,1,1,1,1,1,1,0,0,0,0,30,30,0,0,0
42005,42005,CS098,Natural gas CCS,Natural gas,0,700,100,500,0,1,1,1,7,5,0,7.54,1,0,0,55,55,0,0,0
42005,42005,CC098,Natural gas CC,Natural gas,0,700,100,500,0,1,1,1,7,5,0,7.54,1,0,0,55,55,0,0,0
42005,42005,CT098,Natural gas CT,Natural gas,6.88,100,100,500,0,0.8,1,1,2,1,0,10.98,1,0,0,55,55,0,0,0
42005,42005,CL098,Coal IGCC,Coal,3.12,600,100,500,0,0.85,1,1,7,5,0,9.2,0,0,4788,70,70,0,0,0
42005,42005,GT098,Geothermal,Geothermal,0,50,100,500,0,0.9,1,1,1,1,1,0,0,0,0,30,30,0,0,0
42005,42005,NC098,Nuclear,Nuclear,0,1000,100,500,0.7,0.93,0.2,0.2,36,36,1,10.4,0,0,0,80,80,0,0,0
42005,42005,HD098,Hydro,Hydro,0.56,100,0,500,0,1,1,1,1,1,1,0,0,0,0,100,100,0,0,0
42005,42005,WD098,Onshore wind,Wind,0,100,5,6,0,1,1,1,1,1,1,0,0,0,0,30,30,0,0,0
42005,42005,SL098,Solar,Solar,0,50,10,233,0,1,1,1,1,1,1,0,0,0,0,30,30,0,0,0
42119,42119,CS099,Natural gas CCS,Natural gas,0,700,100,500,0,1,1,1,7,5,0,7.54,1,0,0,55,55,0,0,0
42119,42119,CC099,Natural gas CC,Natural gas,0.01,700,100,500,0,1,1,1,7,5,0,7.54,1,0,0,55,55,0,0,0
42119,42119,CT099,Natural gas CT,Natural gas,0,100,100,500,0,0.8,1,1,2,1,0,10.98,1,0,0,55,55,0,0,0
42119,42119,GT099,Geothermal,Geothermal,0,50,100,500,0,0.9,1,1,1,1,1,0,0,0,0,30,30,0,0,0
42119,42119,NC099,Nuclear,Nuclear,0,1000,100,500,0.7,0.93,0.2,0.2,36,36,1,10.4,0,0,0,80,80,0,0,0
42119,42119,WD099,Onshore wind,Wind,0,100,5,6,0,1,1,1,1,1,1,0,0,0,0,30,30,0,0,0
42119,42119,SL099,Solar,Solar,0.03,50,10,107,0,1,1,1,1,1,1,0,0,0,0,30,30,0,0,0
42077,42077,CS100,Natural gas CCS,Natural gas,0,700,100,500,0,1,1,1,7,5,0,7.54,1,0,0,55,55,0,0,0
42077,42077,CC100,Natural gas CC,Natural gas,0,700,100,500,0,1,1,1,7,5,0,7.54,1,0,0,55,55,0,0,0
42077,42077,CT100,Natural gas CT,Natural gas,0,100,100,500,0,0.8,1,1,2,1,0,10.98,1,0,0,55,55,0,0,0
42077,42077,GT100,Geothermal,Geothermal,0,50,100,500,0,0.9,1,1,1,1,1,0,0,0,0,30,30,0,0,0
42077,42077,NC100,Nuclear,Nuclear,0,1000,100,500,0.7,0.93,0.2,0.2,36,36,1,10.4,0,0,0,80,80,0,0,0
42077,42077,WD100,Onshore wind,Wind,0,100,3,3,0,1,1,1,1,1,1,0,0,0,0,30,30,0,0,0
42077,42077,SL100,Solar,Solar,0,50,10,82,0,1,1,1,1,1,1,0,0,0,0,30,30,0,0,0
42037,42037,CS101,Natural gas CCS,Natural gas,0,700,100,500,0,1,1,1,7,5,0,7.54,1,0,0,55,55,0,0,0
42037,42037,CC101,Natural gas CC,Natural gas,0,700,100,500,0,1,1,1,7,5,0,7.54,1,0,0,55,55,0,0,0
42037,42037,CT101,Natural gas CT,Natural gas,0,100,100,500,0,0.8,1,1,2,1,0,10.98,1,0,0,55,55,0,0,0
42037,42037,GT101,Geothermal,Geothermal,0,50,100,500,0,0.9,1,1,1,1,1,0,0,0,0,30,30,0,0,0
42037,42037,NC101,Nuclear,Nuclear,0,1000,100,500,0.7,0.93,0.2,0.2,36,36,1,10.4,0,0,0,80,80,0,0,0
42037,42037,WD101,Onshore wind,Wind,0,100,5,17,0,1,1,1,1,1,1,0,0,0,0,30,30,0,0,0
42037,42037,SL101,Solar,Solar,0,50,10,143,0,1,1,1,1,1,1,0,0,0,0,30,30,0,0,0
36023,36023,CS102,Natural gas CCS,Natural gas,0,700,100,500,0,1,1,1,7,5,0,7.54,1,0,0,55,55,0,0,0
36023,36023,CC102,Natural gas CC,Natural gas,0,700,100,500,0,1,1,1,7,5,0,7.54,1,0,0,55,55,0,0,0
36023,36023,CT102,Natural gas CT,Natural gas,0,100,100,500,0,0.8,1,1,2,1,0,10.98,1,0,0,55,55,0,0,0
36023,36023,GT102,Geothermal,Geothermal,0,50,100,500,0,0.9,1,1,1,1,1,0,0,0,0,30,30,0,0,0
36023,36023,NC102,Nuclear,Nuclear,0,1000,100,500,0.7,0.93,0.2,0.2,36,36,1,10.4,0,0,0,80,80,0,0,0
36023,36023,WD102,Onshore wind,Wind,0,100,5,20,0,1,1,1,1,1,1,0,0,0,0,30,30,0,0,0
36023,36023,SL102,Solar,Solar,1.04,50,10,149,0,1,1,1,1,1,1,0,0,0,0,30,30,0,0,0
36041,36041,CS103,Natural gas CCS,Natural gas,0,700,100,500,0,1,1,1,7,5,0,7.54,1,0,0,55,55,0,0,0
36041,36041,CC103,Natural gas CC,Natural gas,0,700,100,500,0,1,1,1,7,5,0,7.54,1,0,0,55,55,0,0,0
36041,36041,CT103,Natural gas CT,Natural gas,0,100,100,500,0,0.8,1,1,2,1,0,10.98,1,0,0,55,55,0,0,0
36041,36041,GT103,Geothermal,Geothermal,0,50,100,500,0,0.9,1,1,1,1,1,0,0,0,0,30,30,0,0,0
36041,36041,NC103,Nuclear,Nuclear,0,1000,100,500,0.7,0.93,0.2,0.2,36,36,1,10.4,0,0,0,80,80,0,0,0
36041,36041,WD103,Onshore wind,Wind,0,100,5,22,0,1,1,1,1,1,1,0,0,0,0,30,30,0,0,0
36041,36041,SL103,Solar,Solar,0,50,10,275,0,1,1,1,1,1,1,0,0,0,0,30,30,0,0,0
36097,36097,CS104,Natural gas CCS,Natural gas,0,700,100,500,0,1,1,1,7,5,0,7.54,1,0,0,55,55,0,0,0
36097,36097,CC104,Natural gas CC,Natural gas,0,700,100,500,0,1,1,1,7,5,0,7.54,1,0,0,55,55,0,0,0
36097,36097,CT104,Natural gas CT,Natural gas,0,100,100,500,0,0.8,1,1,2,1,0,10.98,1,0,0,55,55,0,0,0
36097,36097,GT104,Geothermal,Geothermal,0,50,100,500,0,0.9,1,1,1,1,1,0,0,0,0,30,30,0,0,0
36097,36097,NC104,Nuclear,Nuclear,0,1000,100,500,0.7,0.93,0.2,0.2,36,36,1,10.4,0,0,0,80,80,0,0,0
36097,36097,WD104,Onshore wind,Wind,0,100,5,19,0,1,1,1,1,1,1,0,0,0,0,30,30,0,0,0
36097,36097,SL104,Solar,Solar,0.21,50,10,160,0,1,1,1,1,1,1,0,0,0,0,30,30,0,0,0
36123,36123,CS105,Natural gas CCS,Natural gas,0,700,100,500,0,1,1,1,7,5,0,7.54,1,0,0,55,55,0,0,0
36123,36123,CC105,Natural gas CC,Natural gas,0.16,700,100,500,0,1,1,1,7,5,0,7.54,1,0,0,55,55,0,0,0
36123,36123,CT105,Natural gas CT,Natural gas,0,100,100,500,0,0.8,1,1,2,1,0,10.98,1,0,0,55,55,0,0,0
36123,36123,GT105,Geothermal,Geothermal,0,50,100,500,0,0.9,1,1,1,1,1,0,0,0,0,30,30,0,0,0
36123,36123,NC105,Nuclear,Nuclear,0,1000,100,500,0.7,0.93,0.2,0.2,36,36,1,10.4,0,0,0,80,80,0,0,0
36123,36123,WD105,Onshore wind,Wind,0,100,5,13,0,1,1,1,1,1,1,0,0,0,0,30,30,0,0,0
36123,36123,SL105,Solar,Solar,0.47,50,10,125,0,1,1,1,1,1,1,0,0,0,0,30,30,0,0,0
9160,9160,CS106,Natural gas CCS,Natural gas,0,700,100,500,0,1,1,1,7,5,0,7.54,1,0,0,55,55,0,0,0
9160,9160,CC106,Natural gas CC,Natural gas,0,700,100,500,0,1,1,1,7,5,0,7.54,1,0,0,55,55,0,0,0
9160,9160,CT106,Natural gas CT,Natural gas,0,100,100,500,0,0.8,1,1,2,1,0,10.98,1,0,0,55,55,0,0,0
9160,9160,PT106,Petroleum CT,Petroleum,0.44,100,100,500,0,0.8,1,1,2,1,0,10.98,0,0,0,55,55,0,0,0
9160,9160,GT106,Geothermal,Geothermal,0,50,100,500,0,0.9,1,1,1,1,1,0,0,0,0,30,30,0,0,0
9160,9160,NC106,Nuclear,Nuclear,0,1000,100,500,0.7,0.93,0.2,0.2,36,36,1,10.4,0,0,0,80,80,0,0,0
9160,9160,HD106,Hydro,Hydro,0.12,100,0,500,0,1,1,1,1,1,1,0,0,0,0,100,100,0,0,0
9160,9160,WD106,Onshore wind,Wind,0.05,100,3,3,0,1,1,1,1,1,1,0,0,0,0,30,30,0,0,0
9160,9160,SL106,Solar,Solar,0.3,50,10,296,0,1,1,1,1,1,1,0,0,0,0,30,30,0,0,0
36085,36085,CS107,Natural gas CCS,Natural gas,0,700,100,500,0,1,1,1,7,5,0,7.54,1,0,0,55,55,0,0,0
36085,36085,CC107,Natural gas CC,Natural gas,1.29,700,100,500,0,1,1,1,7,5,0,7.54,1,0,0,55,55,0,0,0
36085,36085,CT107,Natural gas CT,Natural gas,0.65,100,100,500,0,0.8,1,1,2,1,0,10.98,1,0,0,55,55,0,0,0
36085,36085,GT107,Geothermal,Geothermal,0,50,100,500,0,0.9,1,1,1,1,1,0,0,0,0,30,30,0,0,0
36085,36085,NC107,Nuclear,Nuclear,0,1000,100,500,0.7,0.93,0.2,0.2,36,36,1,10.4,0,0,0,80,80,0,0,0
36085,36085,WD107,Onshore wind,Wind,0,100,0,0,0,1,1,1,1,1,1,0,0,0,0,30,30,0,0,0
36085,36085,SL107,Solar,Solar,0.15,50,5,5,0,1,1,1,1,1,1,0,0,0,0,30,30,0,0,0
36033,36033,CS108,Natural gas CCS,Natural gas,0,700,100,500,0,1,1,1,7,5,0,7.54,1,0,0,55,55,0,0,0
36033,36033,CC108,Natural gas CC,Natural gas,0,700,100,500,0,1,1,1,7,5,0,7.54,1,0,0,55,55,0,0,0
36033,36033,CT108,Natural gas CT,Natural gas,0,100,100,500,0,0.8,1,1,2,1,0,10.98,1,0,0,55,55,0,0,0
36033,36033,GT108,Geothermal,Geothermal,0,50,100,500,0,0.9,1,1,1,1,1,0,0,0,0,30,30,0,0,0
36033,36033,NC108,Nuclear,Nuclear,0,1000,100,500,0.7,0.93,0.2,0.2,36,36,1,10.4,0,0,0,80,80,0,0,0
36033,36033,HD108,Hydro,Hydro,0.09,100,0,500,0,1,1,1,1,1,1,0,0,0,0,100,100,0,0,0
36033,36033,WD108,Onshore wind,Wind,1.84,100,5,60,0,1,1,1,1,1,1,0,0,0,0,30,30,0,0,0
36033,36033,SL108,Solar,Solar,0.14,50,10,746,0,1,1,1,1,1,1,0,0,0,0,30,30,0,0,0
42115,42115,CS109,Natural gas CCS,Natural gas,0,700,100,500,0,1,1,1,7,5,0,7.54,1,0,0,55,55,0,0,0
42115,42115,CC109,Natural gas CC,Natural gas,0,700,100,500,0,1,1,1,7,5,0,7.54,1,0,0,55,55,0,0,0
42115,42115,CT109,Natural gas CT,Natural gas,0.22,100,100,500,0,0.8,1,1,2,1,0,10.98,1,0,0,55,55,0,0,0
42115,42115,GT109,Geothermal,Geothermal,0,50,100,500,0,0.9,1,1,1,1,1,0,0,0,0,30,30,0,0,0
42115,42115,NC109,Nuclear,Nuclear,0,1000,100,500,0.7,0.93,0.2,0.2,36,36,1,10.4,0,0,0,80,80,0,0,0
42115,42115,WD109,Onshore wind,Wind,0,100,5,35,0,1,1,1,1,1,1,0,0,0,0,30,30,0,0,0
42115,42115,SL109,Solar,Solar,0,50,10,261,0,1,1,1,1,1,1,0,0,0,0,30,30,0,0,0
36073,36073,CS110,Natural gas CCS,Natural gas,0,700,100,500,0,1,1,1,7,5,0,7.54,1,0,0,55,55,0,0,0
36073,36073,CC110,Natural gas CC,Natural gas,0,700,100,500,0,1,1,1,7,5,0,7.54,1,0,0,55,55,0,0,0
36073,36073,CT110,Natural gas CT,Natural gas,0,100,100,500,0,0.8,1,1,2,1,0,10.98,1,0,0,55,55,0,0,0
36073,36073,GT110,Geothermal,Geothermal,0,50,100,500,0,0.9,1,1,1,1,1,0,0,0,0,30,30,0,0,0
36073,36073,NC110,Nuclear,Nuclear,0,1000,100,500,0.7,0.93,0.2,0.2,36,36,1,10.4,0,0,0,80,80,0,0,0
36073,36073,HD110,Hydro,Hydro,0.06,100,0,500,0,1,1,1,1,1,1,0,0,0,0,100,100,0,0,0
36073,36073,WD110,Onshore wind,Wind,0,100,5,18,0,1,1,1,1,1,1,0,0,0,0,30,30,0,0,0
36073,36073,SL110,Solar,Solar,0.23,50,10,86,0,1,1,1,1,1,1,0,0,0,0,30,30,0,0,0
36005,36005,CS111,Natural gas CCS,Natural gas,0,700,100,500,0,1,1,1,7,5,0,7.54,1,0,0,55,55,0,0,0
36005,36005,CC111,Natural gas CC,Natural gas,0.07,700,100,500,0,1,1,1,7,5,0,7.54,1,0,0,55,55,0,0,0
36005,36005,CT111,Natural gas CT,Natural gas,2.04,100,100,500,0,0.8,1,1,2,1,0,10.98,1,0,0,55,55,0,0,0
36005,36005,PT111,Petroleum CT,Petroleum,0.06,100,100,500,0,0.8,1,1,2,1,0,10.98,0,0,0,55,55,0,0,0
36005,36005,GT111,Geothermal,Geothermal,0,50,100,500,0,0.9,1,1,1,1,1,0,0,0,0,30,30,0,0,0
36005,36005,NC111,Nuclear,Nuclear,0,1000,100,500,0.7,0.93,0.2,0.2,36,36,1,10.4,0,0,0,80,80,0,0,0
36005,36005,WD111,Onshore wind,Wind,0,100,0,0,0,1,1,1,1,1,1,0,0,0,0,30,30,0,0,0
36005,36005,SL111,Solar,Solar,0,50,7,7,0,1,1,1,1,1,1,0,0,0,0,30,30,0,0,0
36055,36055,CS112,Natural gas CCS,Natural gas,0,700,100,500,0,1,1,1,7,5,0,7.54,1,0,0,55,55,0,0,0
36055,36055,CC112,Natural gas CC,Natural gas,0.21,700,100,500,0,1,1,1,7,5,0,7.54,1,0,0,55,55,0,0,0
36055,36055,CT112,Natural gas CT,Natural gas,0,100,100,500,0,0.8,1,1,2,1,0,10.98,1,0,0,55,55,0,0,0
36055,36055,GT112,Geothermal,Geothermal,0,50,100,500,0,0.9,1,1,1,1,1,0,0,0,0,30,30,0,0,0
36055,36055,BP112,Biopower,Biomass,0.16,100,100,500,0,0.84,1,1,1,1,1,14.5,0,0,0,45,45,0,0,0
36055,36055,NC112,Nuclear,Nuclear,0,1000,100,500,0.7,0.93,0.2,0.2,36,36,1,10.4,0,0,0,80,80,0,0,0
36055,36055,HD112,Hydro,Hydro,0.03,100,0,500,0,1,1,1,1,1,1,0,0,0,0,100,100,0,0,0
36055,36055,WD112,Onshore wind,Wind,0,100,5,14,0,1,1,1,1,1,1,0,0,0,0,30,30,0,0,0
36055,36055,SL112,Solar,Solar,1.45,50,10,173,0,1,1,1,1,1,1,0,0,0,0,30,30,0,0,0
36057,36057,CS113,Natural gas CCS,Natural gas,0,700,100,500,0,1,1,1,7,5,0,7.54,1,0,0,55,55,0,0,0
36057,36057,CC113,Natural gas CC,Natural gas,0,700,100,500,0,1,1,1,7,5,0,7.54,1,0,0,55,55,0,0,0
36057,36057,CT113,Natural gas CT,Natural gas,0,100,100,500,0,0.8,1,1,2,1,0,10.98,1,0,0,55,55,0,0,0
36057,36057,GT113,Geothermal,Geothermal,0,50,100,500,0,0.9,1,1,1,1,1,0,0,0,0,30,30,0,0,0
36057,36057,NC113,Nuclear,Nuclear,0,1000,100,500,0.7,0.93,0.2,0.2,36,36,1,10.4,0,0,0,80,80,0,0,0
36057,36057,WD113,Onshore wind,Wind,0,100,5,13,0,1,1,1,1,1,1,0,0,0,0,30,30,0,0,0
36057,36057,SL113,Solar,Solar,1.26,50,10,189,0,1,1,1,1,1,1,0,0,0,0,30,30,0,0,0
34029,34029,CS114,Natural gas CCS,Natural gas,0,700,100,500,0,1,1,1,7,5,0,7.54,1,0,0,55,55,0,0,0
34029,34029,CC114,Natural gas CC,Natural gas,0,700,100,500,0,1,1,1,7,5,0,7.54,1,0,0,55,55,0,0,0
34029,34029,CT114,Natural gas CT,Natural gas,4.6,100,100,500,0,0.8,1,1,2,1,0,10.98,1,0,0,55,55,0,0,0
34029,34029,PT114,Petroleum CT,Petroleum,0.06,100,100,500,0,0.8,1,1,2,1,0,10.98,0,0,0,55,55,0,0,0
34029,34029,GT114,Geothermal,Geothermal,0,50,100,500,0,0.9,1,1,1,1,1,0,0,0,0,30,30,0,0,0
34029,34029,BP114,Biopower,Biomass,0.15,100,100,500,0,0.84,1,1,1,1,1,14.5,0,0,0,45,45,0,0,0
34029,34029,NC114,Nuclear,Nuclear,0,1000,100,500,0.7,0.93,0.2,0.2,36,36,1,10.4,0,0,0,80,80,0,0,0
34029,34029,WD114,Onshore wind,Wind,0,100,5,7,0,1,1,1,1,1,1,0,0,0,0,30,30,0,0,0
34029,34029,SL114,Solar,Solar,1.37,50,10,158,0,1,1,1,1,1,1,0,0,0,0,30,30,0,0,0
34025,34025,CS115,Natural gas CCS,Natural gas,0,700,100,500,0,1,1,1,7,5,0,7.54,1,0,0,55,55,0,0,0
34025,34025,CC115,Natural gas CC,Natural gas,0,700,100,500,0,1,1,1,7,5,0,7.54,1,0,0,55,55,0,0,0
34025,34025,CT115,Natural gas CT,Natural gas,0,100,100,500,0,0.8,1,1,2,1,0,10.98,1,0,0,55,55,0,0,0
34025,34025,GT115,Geothermal,Geothermal,0,50,100,500,0,0.9,1,1,1,1,1,0,0,0,0,30,30,0,0,0
34025,34025,NC115,Nuclear,Nuclear,0,1000,100,500,0.7,0.93,0.2,0.2,36,36,1,10.4,0,0,0,80,80,0,0,0
34025,34025,WD115,Onshore wind,Wind,0,100,1,1,0,1,1,1,1,1,1,0,0,0,0,30,30,0,0,0
34025,34025,SL115,Solar,Solar,2.1,50,10,108,0,1,1,1,1,1,1,0,0,0,0,30,30,0,0,0
34017,34017,CS116,Natural gas CCS,Natural gas,0,700,100,500,0,1,1,1,7,5,0,7.54,1,0,0,55,55,0,0,0
34017,34017,CC116,Natural gas CC,Natural gas,0.01,700,100,500,0,1,1,1,7,5,0,7.54,1,0,0,55,55,0,0,0
34017,34017,CT116,Natural gas CT,Natural gas,12.49,100,100,500,0,0.8,1,1,2,1,0,10.98,1,0,0,55,55,0,0,0
34017,34017,GT116,Geothermal,Geothermal,0,50,100,500,0,0.9,1,1,1,1,1,0,0,0,0,30,30,0,0,0
34017,34017,NC116,Nuclear,Nuclear,0,1000,100,500,0.7,0.93,0.2,0.2,36,36,1,10.4,0,0,0,80,80,0,0,0
34017,34017,WD116,Onshore wind,Wind,0,100,0,0,0,1,1,1,1,1,1,0,0,0,0,30,30,0,0,0
34017,34017,SL116,Solar,Solar,0.52,50,0,0,0,1,1,1,1,1,1,0,0,0,0,30,30,0,0,0
34039,34039,CS117,Natural gas CCS,Natural gas,0,700,100,500,0,1,1,1,7,5,0,7.54,1,0,0,55,55,0,0,0
34039,34039,CC117,Natural gas CC,Natural gas,3.39,700,100,500,0,1,1,1,7,5,0,7.54,1,0,0,55,55,0,0,0
34039,34039,CT117,Natural gas CT,Natural gas,3.84,100,100,500,0,0.8,1,1,2,1,0,10.98,1,0,0,55,55,0,0,0
34039,34039,GT117,Geothermal,Geothermal,0,50,100,500,0,0.9,1,1,1,1,1,0,0,0,0,30,30,0,0,0
34039,34039,BP117,Biopower,Biomass,0.45,100,100,500,0,0.84,1,1,1,1,1,14.5,0,0,0,45,45,0,0,0
34039,34039,NC117,Nuclear,Nuclear,0,1000,100,500,0.7,0.93,0.2,0.2,36,36,1,10.4,0,0,0,80,80,0,0,0
34039,34039,WD117,Onshore wind,Wind,0,100,0,0,0,1,1,1,1,1,1,0,0,0,0,30,30,0,0,0
34039,34039,SL117,Solar,Solar,0.65,50,10,11,0,1,1,1,1,1,1,0,0,0,0,30,30,0,0,0
36087,36087,CS118,Natural gas CCS,Natural gas,0,700,100,500,0,1,1,1,7,5,0,7.54,1,0,0,55,55,0,0,0
36087,36087,CC118,Natural gas CC,Natural gas,1.81,700,100,500,0,1,1,1,7,5,0,7.54,1,0,0,55,55,0,0,0
36087,36087,CT118,Natural gas CT,Natural gas,0.46,100,100,500,0,0.8,1,1,2,1,0,10.98,1,0,0,55,55,0,0,0
36087,36087,GT118,Geothermal,Geothermal,0,50,100,500,0,0.9,1,1,1,1,1,0,0,0,0,30,30,0,0,0
36087,36087,NC118,Nuclear,Nuclear,0,1000,100,500,0.7,0.93,0.2,0.2,36,36,1,10.4,0,0,0,80,80,0,0,0
36087,36087,WD118,Onshore wind,Wind,0,100,2,2,0,1,1,1,1,1,1,0,0,0,0,30,30,0,0,0
36087,36087,SL118,Solar,Solar,0.08,50,10,45,0,1,1,1,1,1,1,0,0,0,0,30,30,0,0,0
36003,36003,CS119,Natural gas CCS,Natural gas,0,700,100,500,0,1,1,1,7,5,0,7.54,1,0,0,55,55,0,0,0
36003,36003,CC119,Natural gas CC,Natural gas,0.1,700,100,500,0,1,1,1,7,5,0,7.54,1,0,0,55,55,0,0,0
36003,36003,CT119,Natural gas CT,Natural gas,0,100,100,500,0,0.8,1,1,2,1,0,10.98,1,0,0,55,55,0,0,0
36003,36003,GT119,Geothermal,Geothermal,0,50,100,500,0,0.9,1,1,1,1,1,0,0,0,0,30,30,0,0,0
36003,36003,BP119,Biopower,Biomass,0.05,100,100,500,0,0.84,1,1,1,1,1,14.5,0,0,0,45,45,0,0,0
36003,36003,NC119,Nuclear,Nuclear,0,1000,100,500,0.7,0.93,0.2,0.2,36,36,1,10.4,0,0,0,80,80,0,0,0
36003,36003,WD119,Onshore wind,Wind,0,100,5,45,0,1,1,1,1,1,1,0,0,0,0,30,30,0,0,0
36003,36003,SL119,Solar,Solar,0.62,50,10,435,0,1,1,1,1,1,1,0,0,0,0,30,30,0,0,0
42073,42073,CS120,Natural gas CCS,Natural gas,0,700,100,500,0,1,1,1,7,5,0,7.54,1,0,0,55,55,0,0,0
42073,42073,CC120,Natural gas CC,Natural gas,1.97,700,100,500,0,1,1,1,7,5,0,7.54,1,0,0,55,55,0,0,0
42073,42073,CT120,Natural gas CT,Natural gas,0,100,100,500,0,0.8,1,1,2,1,0,10.98,1,0,0,55,55,0,0,0
42073,42073,PT120,Petroleum CT,Petroleum,0.03,100,100,500,0,0.8,1,1,2,1,0,10.98,0,0,0,55,55,0,0,0
42073,42073,GT120,Geothermal,Geothermal,0,50,100,500,0,0.9,1,1,1,1,1,0,0,0,0,30,30,0,0,0
42073,42073,NC120,Nuclear,Nuclear,0,1000,100,500,0.7,0.93,0.2,0.2,36,36,1,10.4,0,0,0,80,80,0,0,0
42073,42073,WD120,Onshore wind,Wind,0,100,0,0,0,1,1,1,1,1,1,0,0,0,0,30,30,0,0,0
42073,42073,SL120,Solar,Solar,0,50,10,110,0,1,1,1,1,1,1,0,0,0,0,30,30,0,0,0
42009,42009,CS121,Natural gas CCS,Natural gas,0,700,100,500,0,1,1,1,7,5,0,7.54,1,0,0,55,55,0,0,0
42009,42009,CC121,Natural gas CC,Natural gas,0,700,100,500,0,1,1,1,7,5,0,7.54,1,0,0,55,55,0,0,0
42009,42009,CT121,Natural gas CT,Natural gas,0,100,100,500,0,0.8,1,1,2,1,0,10.98,1,0,0,55,55,0,0,0
42009,42009,GT121,Geothermal,Geothermal,0,50,100,500,0,0.9,1,1,1,1,1,0,0,0,0,30,30,0,0,0
42009,42009,NC121,Nuclear,Nuclear,0,1000,100,500,0.7,0.93,0.2,0.2,36,36,1,10.4,0,0,0,80,80,0,0,0
42009,42009,WD121,Onshore wind,Wind,0,100,5,25,0,1,1,1,1,1,1,0,0,0,0,30,30,0,0,0
42009,42009,SL121,Solar,Solar,0,50,10,289,0,1,1,1,1,1,1,0,0,0,0,30,30,0,0,0
36021,36021,CS122,Natural gas CCS,Natural gas,0,700,100,500,0,1,1,1,7,5,0,7.54,1,0,0,55,55,0,0,0
36021,36021,CC122,Natural gas CC,Natural gas,0,700,100,500,0,1,1,1,7,5,0,7.54,1,0,0,55,55,0,0,0
36021,36021,CT122,Natural gas CT,Natural gas,0,100,100,500,0,0.8,1,1,2,1,0,10.98,1,0,0,55,55,0,0,0
36021,36021,GT122,Geothermal,Geothermal,0,50,100,500,0,0.9,1,1,1,1,1,0,0,0,0,30,30,0,0,0
36021,36021,NC122,Nuclear,Nuclear,0,1000,100,500,0.7,0.93,0.2,0.2,36,36,1,10.4,0,0,0,80,80,0,0,0
36021,36021,HD122,Hydro,Hydro,0.06,100,0,500,0,1,1,1,1,1,1,0,0,0,0,100,100,0,0,0
36021,36021,WD122,Onshore wind,Wind,0,100,5,15,0,1,1,1,1,1,1,0,0,0,0,30,30,0,0,0
36021,36021,SL122,Solar,Solar,0.54,50,10,224,0,1,1,1,1,1,1,0,0,0,0,30,30,0,0,0
42085,42085,CS123,Natural gas CCS,Natural gas,0,700,100,500,0,1,1,1,7,5,0,7.54,1,0,0,55,55,0,0,0
42085,42085,CC123,Natural gas CC,Natural gas,0,700,100,500,0,1,1,1,7,5,0,7.54,1,0,0,55,55,0,0,0
42085,42085,CT123,Natural gas CT,Natural gas,0,100,100,500,0,0.8,1,1,2,1,0,10.98,1,0,0,55,55,0,0,0
42085,42085,PT123,Petroleum CT,Petroleum,0.04,100,100,500,0,0.8,1,1,2,1,0,10.98,0,0,0,55,55,0,0,0
42085,42085,GT123,Geothermal,Geothermal,0,50,100,500,0,0.9,1,1,1,1,1,0,0,0,0,30,30,0,0,0
42085,42085,NC123,Nuclear,Nuclear,0,1000,100,500,0.7,0.93,0.2,0.2,36,36,1,10.4,0,0,0,80,80,0,0,0
42085,42085,WD123,Onshore wind,Wind,0,100,5,24,0,1,1,1,1,1,1,0,0,0,0,30,30,0,0,0
42085,42085,SL123,Solar,Solar,0,50,10,401,0,1,1,1,1,1,1,0,0,0,0,30,30,0,0,0
42083,42083,CS124,Natural gas CCS,Natural gas,0,700,100,500,0,1,1,1,7,5,0,7.54,1,0,0,55,55,0,0,0
42083,42083,CC124,Natural gas CC,Natural gas,0,700,100,500,0,1,1,1,7,5,0,7.54,1,0,0,55,55,0,0,0
42083,42083,CT124,Natural gas CT,Natural gas,0,100,100,500,0,0.8,1,1,2,1,0,10.98,1,0,0,55,55,0,0,0
42083,42083,GT124,Geothermal,Geothermal,0,50,100,500,0,0.9,1,1,1,1,1,0,0,0,0,30,30,0,0,0
42083,42083,NC124,Nuclear,Nuclear,0,1000,100,500,0.7,0.93,0.2,0.2,36,36,1,10.4,0,0,0,80,80,0,0,0
42083,42083,WD124,Onshore wind,Wind,0,100,5,47,0,1,1,1,1,1,1,0,0,0,0,30,30,0,0,0
42083,42083,SL124,Solar,Solar,0,50,10,488,0,1,1,1,1,1,1,0,0,0,0,30,30,0,0,0
42015,42015,CS125,Natural gas CCS,Natural gas,0,700,100,500,0,1,1,1,7,5,0,7.54,1,0,0,55,55,0,0,0
42015,42015,CC125,Natural gas CC,Natural gas,1.24,700,100,500,0,1,1,1,7,5,0,7.54,1,0,0,55,55,0,0,0
42015,42015,CT125,Natural gas CT,Natural gas,0.91,100,100,500,0,0.8,1,1,2,1,0,10.98,1,0,0,55,55,0,0,0
42015,42015,GT125,Geothermal,Geothermal,0,50,100,500,0,0.9,1,1,1,1,1,0,0,0,0,30,30,0,0,0
42015,42015,BP125,Biopower,Biomass,0.02,100,100,500,0,0.84,1,1,1,1,1,14.5,0,0,0,45,45,0,0,0
42015,42015,NC125,Nuclear,Nuclear,0,1000,100,500,0.7,0.93,0.2,0.2,36,36,1,10.4,0,0,0,80,80,0,0,0
42015,42015,WD125,Onshore wind,Wind,1,100,5,47,0,1,1,1,1,1,1,0,0,0,0,30,30,0,0,0
42015,42015,SL125,Solar,Solar,0,50,10,424,0,1,1,1,1,1,1,0,0,0,0,30,30,0,0,0
42123,42123,CS126,Natural gas CCS,Natural gas,0,700,100,500,0,1,1,1,7,5,0,7.54,1,0,0,55,55,0,0,0
42123,42123,CC126,Natural gas CC,Natural gas,0,700,100,500,0,1,1,1,7,5,0,7.54,1,0,0,55,55,0,0,0
42123,42123,CT126,Natural gas CT,Natural gas,0.53,100,100,500,0,0.8,1,1,2,1,0,10.98,1,0,0,55,55,0,0,0
42123,42123,GT126,Geothermal,Geothermal,0,50,100,500,0,0.9,1,1,1,1,1,0,0,0,0,30,30,0,0,0
42123,42123,NC126,Nuclear,Nuclear,0,1000,100,500,0.7,0.93,0.2,0.2,36,36,1,10.4,0,0,0,80,80,0,0,0
42123,42123,HD126,Hydro,Hydro,0.26,100,0,500,0,1,1,1,1,1,1,0,0,0,0,100,100,0,0,0
42123,42123,WD126,Onshore wind,Wind,0,100,5,40,0,1,1,1,1,1,1,0,0,0,0,30,30,0,0,0
42123,42123,SL126,Solar,Solar,0,50,10,414,0,1,1,1,1,1,1,0,0,0,0,30,30,0,0,0
44001,44001,CS127,Natural gas CCS,Natural gas,0,700,100,500,0,1,1,1,7,5,0,7.54,1,0,0,55,55,0,0,0
44001,44001,CC127,Natural gas CC,Natural gas,0,700,100,500,0,1,1,1,7,5,0,7.54,1,0,0,55,55,0,0,0
44001,44001,CT127,Natural gas CT,Natural gas,0,100,100,500,0,0.8,1,1,2,1,0,10.98,1,0,0,55,55,0,0,0
44001,44001,GT127,Geothermal,Geothermal,0,50,100,500,0,0.9,1,1,1,1,1,0,0,0,0,30,30,0,0,0
44001,44001,NC127,Nuclear,Nuclear,0,1000,100,500,0.7,0.93,0.2,0.2,36,36,1,10.4,0,0,0,80,80,0,0,0
44001,44001,WD127,Onshore wind,Wind,0,100,0,0,0,1,1,1,1,1,1,0,0,0,0,30,30,0,0,0
44001,44001,SL127,Solar,Solar,0.08,50,7,7,0,1,1,1,1,1,1,0,0,0,0,30,30,0,0,0
36069,36069,CS128,Natural gas CCS,Natural gas,0,700,100,500,0,1,1,1,7,5,0,7.54,1,0,0,55,55,0,0,0
36069,36069,CC128,Natural gas CC,Natural gas,0,700,100,500,0,1,1,1,7,5,0,7.54,1,0,0,55,55,0,0,0
36069,36069,CT128,Natural gas CT,Natural gas,0,100,100,500,0,0.8,1,1,2,1,0,10.98,1,0,0,55,55,0,0,0
36069,36069,GT128,Geothermal,Geothermal,0,50,100,500,0,0.9,1,1,1,1,1,0,0,0,0,30,30,0,0,0
36069,36069,BP128,Biopower,Biomass,0.11,100,100,500,0,0.84,1,1,1,1,1,14.5,0,0,0,45,45,0,0,0
36069,36069,NC128,Nuclear,Nuclear,0,1000,100,500,0.7,0.93,0.2,0.2,36,36,1,10.4,0,0,0,80,80,0,0,0
36069,36069,WD128,Onshore wind,Wind,0.03,100,5,25,0,1,1,1,1,1,1,0,0,0,0,30,30,0,0,0
36069,36069,SL128,Solar,Solar,0.61,50,10,185,0,1,1,1,1,1,1,0,0,0,0,30,30,0,0,0
36083,36083,CS129,Natural gas CCS,Natural gas,0,700,100,500,0,1,1,1,7,5,0,7.54,1,0,0,55,55,0,0,0
36083,36083,CC129,Natural gas CC,Natural gas,1.16,700,100,500,0,1,1,1,7,5,0,7.54,1,0,0,55,55,0,0,0
36083,36083,CT129,Natural gas CT,Natural gas,0.06,100,100,500,0,0.8,1,1,2,1,0,10.98,1,0,0,55,55,0,0,0
36083,36083,GT129,Geothermal,Geothermal,0,50,100,500,0,0.9,1,1,1,1,1,0,0,0,0,30,30,0,0,0
36083,36083,NC129,Nuclear,Nuclear,0,1000,100,500,0.7,0.93,0.2,0.2,36,36,1,10.4,0,0,0,80,80,0,0,0
36083,36083,HD129,Hydro,Hydro,0.26,100,0,500,0,1,1,1,1,1,1,0,0,0,0,100,100,0,0,0
36083,36083,WD129,Onshore wind,Wind,0,100,5,19,0,1,1,1,1,1,1,0,0,0,0,30,30,0,0,0
36083,36083,SL129,Solar,Solar,0.5,50,10,280,0,1,1,1,1,1,1,0,0,0,0,30,30,0,0,0
36093,36093,CS130,Natural gas CCS,Natural gas,0,700,100,500,0,1,1,1,7,5,0,7.54,1,0,0,55,55,0,0,0
36093,36093,CC130,Natural gas CC,Natural gas,0,700,100,500,0,1,1,1,7,5,0,7.54,1,0,0,55,55,0,0,0
36093,36093,CT130,Natural gas CT,Natural gas,0,100,100,500,0,0.8,1,1,2,1,0,10.98,1,0,0,55,55,0,0,0
36093,36093,GT130,Geothermal,Geothermal,0,50,100,500,0,0.9,1,1,1,1,1,0,0,0,0,30,30,0,0,0
36093,36093,NC130,Nuclear,Nuclear,0,1000,100,500,0.7,0.93,0.2,0.2,36,36,1,10.4,0,0,0,80,80,0,0,0
36093,36093,WD130,Onshore wind,Wind,0,100,0,0,0,1,1,1,1,1,1,0,0,0,0,30,30,0,0,0
36093,36093,SL130,Solar,Solar,0.8,50,10,91,0,1,1,1,1,1,1,0,0,0,0,30,30,0,0,0
36035,36035,CS131,Natural gas CCS,Natural gas,0,700,100,500,0,1,1,1,7,5,0,7.54,1,0,0,55,55,0,0,0
36035,36035,CC131,Natural gas CC,Natural gas,0,700,100,500,0,1,1,1,7,5,0,7.54,1,0,0,55,55,0,0,0
36035,36035,CT131,Natural gas CT,Natural gas,0,100,100,500,0,0.8,1,1,2,1,0,10.98,1,0,0,55,55,0,0,0
36035,36035,GT131,Geothermal,Geothermal,0,50,100,500,0,0.9,1,1,1,1,1,0,0,0,0,30,30,0,0,0
36035,36035,BP131,Biopower,Biomass,0.03,100,100,500,0,0.84,1,1,1,1,1,14.5,0,0,0,45,45,0,0,0
36035,36035,NC131,Nuclear,Nuclear,0,1000,100,500,0.7,0.93,0.2,0.2,36,36,1,10.4,0,0,0,80,80,0,0,0
36035,36035,HD131,Hydro,Hydro,0.04,100,0,500,0,1,1,1,1,1,1,0,0,0,0,100,100,0,0,0
36035,36035,WD131,Onshore wind,Wind,0,100,3,3,0,1,1,1,1,1,1,0,0,0,0,30,30,0,0,0
36035,36035,SL131,Solar,Solar,0.91,50,10,202,0,1,1,1,1,1,1,0,0,0,0,30,30,0,0,0
36007,36007,CS132,Natural gas CCS,Natural gas,0,700,100,500,0,1,1,1,7,5,0,7.54,1,0,0,55,55,0,0,0
36007,36007,CC132,Natural gas CC,Natural gas,0,700,100,500,0,1,1,1,7,5,0,7.54,1,0,0,55,55,0,0,0
36007,36007,CT132,Natural gas CT,Natural gas,0,100,100,500,0,0.8,1,1,2,1,0,10.98,1,0,0,55,55,0,0,0
36007,36007,GT132,Geothermal,Geothermal,0,50,100,500,0,0.9,1,1,1,1,1,0,0,0,0,30,30,0,0,0
36007,36007,BP132,Biopower,Biomass,0.04,100,100,500,0,0.84,1,1,1,1,1,14.5,0,0,0,45,45,0,0,0
36007,36007,NC132,Nuclear,Nuclear,0,1000,100,500,0.7,0.93,0.2,0.2,36,36,1,10.4,0,0,0,80,80,0,0,0
36007,36007,WD132,Onshore wind,Wind,1.12,100,5,26,0,1,1,1,1,1,1,0,0,0,0,30,30,0,0,0
36007,36007,SL132,Solar,Solar,0.18,50,10,276,0,1,1,1,1,1,1,0,0,0,0,30,30,0,0,0
36107,36107,CS133,Natural gas CCS,Natural gas,0,700,100,500,0,1,1,1,7,5,0,7.54,1,0,0,55,55,0,0,0
36107,36107,CC133,Natural gas CC,Natural gas,0,700,100,500,0,1,1,1,7,5,0,7.54,1,0,0,55,55,0,0,0
36107,36107,CT133,Natural gas CT,Natural gas,0,100,100,500,0,0.8,1,1,2,1,0,10.98,1,0,0,55,55,0,0,0
36107,36107,GT133,Geothermal,Geothermal,0,50,100,500,0,0.9,1,1,1,1,1,0,0,0,0,30,30,0,0,0
36107,36107,NC133,Nuclear,Nuclear,0,1000,100,500,0.7,0.93,0.2,0.2,36,36,1,10.4,0,0,0,80,80,0,0,0
36107,36107,WD133,Onshore wind,Wind,0,100,5,23,0,1,1,1,1,1,1,0,0,0,0,30,30,0,0,0
36107,36107,SL133,Solar,Solar,1.22,50,10,184,0,1,1,1,1,1,1,0,0,0,0,30,30,0,0,0
36027,36027,CS134,Natural gas CCS,Natural gas,0,700,100,500,0,1,1,1,7,5,0,7.54,1,0,0,55,55,0,0,0
36027,36027,CC134,Natural gas CC,Natural gas,1.88,700,100,500,0,1,1,1,7,5,0,7.54,1,0,0,55,55,0,0,0
36027,36027,CT134,Natural gas CT,Natural gas,0,100,100,500,0,0.8,1,1,2,1,0,10.98,1,0,0,55,55,0,0,0
36027,36027,GT134,Geothermal,Geothermal,0,50,100,500,0,0.9,1,1,1,1,1,0,0,0,0,30,30,0,0,0
36027,36027,BP134,Biopower,Biomass,0.09,100,100,500,0,0.84,1,1,1,1,1,14.5,0,0,0,45,45,0,0,0
36027,36027,NC134,Nuclear,Nuclear,0,1000,100,500,0.7,0.93,0.2,0.2,36,36,1,10.4,0,0,0,80,80,0,0,0
36027,36027,HD134,Hydro,Hydro,0.01,100,0,500,0,1,1,1,1,1,1,0,0,0,0,100,100,0,0,0
36027,36027,WD134,Onshore wind,Wind,0,100,5,14,0,1,1,1,1,1,1,0,0,0,0,30,30,0,0,0
36027,36027,SL134,Solar,Solar,0.8,50,10,298,0,1,1,1,1,1,1,0,0,0,0,30,30,0,0,0
42117,42117,CS135,Natural gas CCS,Natural gas,0,700,100,500,0,1,1,1,7,5,0,7.54,1,0,0,55,55,0,0,0
42117,42117,CC135,Natural gas CC,Natural gas,0,700,100,500,0,1,1,1,7,5,0,7.54,1,0,0,55,55,0,0,0
42117,42117,CT135,Natural gas CT,Natural gas,0.24,100,100,500,0,0.8,1,1,2,1,0,10.98,1,0,0,55,55,0,0,0
42117,42117,GT135,Geothermal,Geothermal,0,50,100,500,0,0.9,1,1,1,1,1,0,0,0,0,30,30,0,0,0
42117,42117,NC135,Nuclear,Nuclear,0,1000,100,500,0.7,0.93,0.2,0.2,36,36,1,10.4,0,0,0,80,80,0,0,0
42117,42117,WD135,Onshore wind,Wind,0,100,5,28,0,1,1,1,1,1,1,0,0,0,0,30,30,0,0,0
42117,42117,SL135,Solar,Solar,0.02,50,10,453,0,1,1,1,1,1,1,0,0,0,0,30,30,0,0,0
44003,44003,CS136,Natural gas CCS,Natural gas,0,700,100,500,0,1,1,1,7,5,0,7.54,1,0,0,55,55,0,0,0
44003,44003,CC136,Natural gas CC,Natural gas,0,700,100,500,0,1,1,1,7,5,0,7.54,1,0,0,55,55,0,0,0
44003,44003,CT136,Natural gas CT,Natural gas,0,100,100,500,0,0.8,1,1,2,1,0,10.98,1,0,0,55,55,0,0,0
44003,44003,GT136,Geothermal,Geothermal,0,50,100,500,0,0.9,1,1,1,1,1,0,0,0,0,30,30,0,0,0
44003,44003,NC136,Nuclear,Nuclear,0,1000,100,500,0.7,0.93,0.2,0.2,36,36,1,10.4,0,0,0,80,80,0,0,0
44003,44003,WD136,Onshore wind,Wind,0.15,100,3,3,0,1,1,1,1,1,1,0,0,0,0,30,30,0,0,0
44003,44003,SL136,Solar,Solar,2.15,50,10,78,0,1,1,1,1,1,1,0,0,0,0,30,30,0,0,0
36101,36101,CS137,Natural gas CCS,Natural gas,0,700,100,500,0,1,1,1,7,5,0,7.54,1,0,0,55,55,0,0,0
36101,36101,CC137,Natural gas CC,Natural gas,0,700,100,500,0,1,1,1,7,5,0,7.54,1,0,0,55,55,0,0,0
36101,36101,CT137,Natural gas CT,Natural gas,0,100,100,500,0,0.8,1,1,2,1,0,10.98,1,0,0,55,55,0,0,0
36101,36101,GT137,Geothermal,Geothermal,0,50,100,500,0,0.9,1,1,1,1,1,0,0,0,0,30,30,0,0,0
36101,36101,NC137,Nuclear,Nuclear,0,1000,100,500,0.7,0.93,0.2,0.2,36,36,1,10.4,0,0,0,80,80,0,0,0
36101,36101,WD137,Onshore wind,Wind,4.28,100,5,56,0,1,1,1,1,1,1,0,0,0,0,30,30,0,0,0
36101,36101,SL137,Solar,Solar,0.48,50,10,324,0,1,1,1,1,1,1,0,0,0,0,30,30,0,0,0
25023,25023,CS138,Natural gas CCS,Natural gas,0,700,100,500,0,1,1,1,7,5,0,7.54,1,0,0,55,55,0,0,0
25023,25023,CC138,Natural gas CC,Natural gas,0,700,100,500,0,1,1,1,7,5,0,7.54,1,0,0,55,55,0,0,0
25023,25023,CT138,Natural gas CT,Natural gas,0.02,100,100,500,0,0.8,1,1,2,1,0,10.98,1,0,0,55,55,0,0,0
25023,25023,GT138,Geothermal,Geothermal,0,50,100,500,0,0.9,1,1,1,1,1,0,0,0,0,30,30,0,0,0
25023,25023,BP138,Biopower,Biomass,0.98,100,100,500,0,0.84,1,1,1,1,1,14.5,0,0,0,45,45,0,0,0
25023,25023,NC138,Nuclear,Nuclear,0,1000,100,500,0.7,0.93,0.2,0.2,36,36,1,10.4,0,0,0,80,80,0,0,0
25023,25023,WD138,Onshore wind,Wind,0.13,100,5,7,0,1,1,1,1,1,1,0,0,0,0,30,30,0,0,0
25023,25023,SL138,Solar,Solar,3.13,50,10,257,0,1,1,1,1,1,1,0,0,0,0,30,30,0,0,0
42105,42105,CS139,Natural gas CCS,Natural gas,0,700,100,500,0,1,1,1,7,5,0,7.54,1,0,0,55,55,0,0,0
42105,42105,CC139,Natural gas CC,Natural gas,0,700,100,500,0,1,1,1,7,5,0,7.54,1,0,0,55,55,0,0,0
42105,42105,CT139,Natural gas CT,Natural gas,0,100,100,500,0,0.8,1,1,2,1,0,10.98,1,0,0,55,55,0,0,0
42105,42105,GT139,Geothermal,Geothermal,0,50,100,500,0,0.9,1,1,1,1,1,0,0,0,0,30,30,0,0,0
42105,42105,NC139,Nuclear,Nuclear,0,1000,100,500,0.7,0.93,0.2,0.2,36,36,1,10.4,0,0,0,80,80,0,0,0
42105,42105,WD139,Onshore wind,Wind,0.9,100,5,50,0,1,1,1,1,1,1,0,0,0,0,30,30,0,0,0
42105,42105,SL139,Solar,Solar,0,50,10,338,0,1,1,1,1,1,1,0,0,0,0,30,30,0,0,0
42011,42011,CS140,Natural gas CCS,Natural gas,0,700,100,500,0,1,1,1,7,5,0,7.54,1,0,0,55,55,0,0,0
42011,42011,CC140,Natural gas CC,Natural gas,1.79,700,100,500,0,1,1,1,7,5,0,7.54,1,0,0,55,55,0,0,0
42011,42011,CT140,Natural gas CT,Natural gas,0,100,100,500,0,0.8,1,1,2,1,0,10.98,1,0,0,55,55,0,0,0
42011,42011,PT140,Petroleum CT,Petroleum,0.36,100,100,500,0,0.8,1,1,2,1,0,10.98,0,0,0,55,55,0,0,0
42011,42011,GT140,Geothermal,Geothermal,0,50,100,500,0,0.9,1,1,1,1,1,0,0,0,0,30,30,0,0,0
42011,42011,BP140,Biopower,Biomass,0.1,100,100,500,0,0.84,1,1,1,1,1,14.5,0,0,0,45,45,0,0,0
42011,42011,NC140,Nuclear,Nuclear,0,1000,100,500,0.7,0.93,0.2,0.2,36,36,1,10.4,0,0,0,80,80,0,0,0
42011,42011,WD140,Onshore wind,Wind,0,100,5,15,0,1,1,1,1,1,1,0,0,0,0,30,30,0,0,0
42011,42011,SL140,Solar,Solar,0.48,50,10,211,0,1,1,1,1,1,1,0,0,0,0,30,30,0,0,0
42087,42087,CS141,Natural gas CCS,Natural gas,0,700,100,500,0,1,1,1,7,5,0,7.54,1,0,0,55,55,0,0,0
42087,42087,CC141,Natural gas CC,Natural gas,0,700,100,500,0,1,1,1,7,5,0,7.54,1,0,0,55,55,0,0,0
42087,42087,CT141,Natural gas CT,Natural gas,0,100,100,500,0,0.8,1,1,2,1,0,10.98,1,0,0,55,55,0,0,0
42087,42087,GT141,Geothermal,Geothermal,0,50,100,500,0,0.9,1,1,1,1,1,0,0,0,0,30,30,0,0,0
42087,42087,NC141,Nuclear,Nuclear,0,1000,100,500,0.7,0.93,0.2,0.2,36,36,1,10.4,0,0,0,80,80,0,0,0
42087,42087,WD141,Onshore wind,Wind,0,100,0,0,0,1,1,1,1,1,1,0,0,0,0,30,30,0,0,0
42087,42087,SL141,Solar,Solar,0,50,10,92,0,1,1,1,1,1,1,0,0,0,0,30,30,0,0,0
36109,36109,CS142,Natural gas CCS,Natural gas,0,700,100,500,0,1,1,1,7,5,0,7.54,1,0,0,55,55,0,0,0
36109,36109,CC142,Natural gas CC,Natural gas,0.05,700,100,500,0,1,1,1,7,5,0,7.54,1,0,0,55,55,0,0,0
36109,36109,CT142,Natural gas CT,Natural gas,0,100,100,500,0,0.8,1,1,2,1,0,10.98,1,0,0,55,55,0,0,0
36109,36109,GT142,Geothermal,Geothermal,0,50,100,500,0,0.9,1,1,1,1,1,0,0,0,0,30,30,0,0,0
36109,36109,NC142,Nuclear,Nuclear,0,1000,100,500,0.7,0.93,0.2,0.2,36,36,1,10.4,0,0,0,80,80,0,0,0
36109,36109,HD142,Hydro,Hydro,0.02,100,0,500,0,1,1,1,1,1,1,0,0,0,0,100,100,0,0,0
36109,36109,WD142,Onshore wind,Wind,0,100,5,16,0,1,1,1,1,1,1,0,0,0,0,30,30,0,0,0
36109,36109,SL142,Solar,Solar,0.88,50,10,142,0,1,1,1,1,1,1,0,0,0,0,30,30,0,0,0
42053,42053,CS143,Natural gas CCS,Natural gas,0,700,100,500,0,1,1,1,7,5,0,7.54,1,0,0,55,55,0,0,0
42053,42053,CC143,Natural gas CC,Natural gas,0,700,100,500,0,1,1,1,7,5,0,7.54,1,0,0,55,55,0,0,0
42053,42053,CT143,Natural gas CT,Natural gas,0,100,100,500,0,0.8,1,1,2,1,0,10.98,1,0,0,55,55,0,0,0
42053,42053,GT143,Geothermal,Geothermal,0,50,100,500,0,0.9,1,1,1,1,1,0,0,0,0,30,30,0,0,0
42053,42053,NC143,Nuclear,Nuclear,0,1000,100,500,0.7,0.93,0.2,0.2,36,36,1,10.4,0,0,0,80,80,0,0,0
42053,42053,WD143,Onshore wind,Wind,0,100,5,18,0,1,1,1,1,1,1,0,0,0,0,30,30,0,0,0
42053,42053,SL143,Solar,Solar,0,50,10,258,0,1,1,1,1,1,1,0,0,0,0,30,30,0,0,0
42093,42093,CS144,Natural gas CCS,Natural gas,0,700,100,500,0,1,1,1,7,5,0,7.54,1,0,0,55,55,0,0,0
42093,42093,CC144,Natural gas CC,Natural gas,1.28,700,100,500,0,1,1,1,7,5,0,7.54,1,0,0,55,55,0,0,0
42093,42093,CT144,Natural gas CT,Natural gas,0,100,100,500,0,0.8,1,1,2,1,0,10.98,1,0,0,55,55,0,0,0
42093,42093,CL144,Coal IGCC,Coal,1.44,600,100,500,0,0.85,1,1,7,5,0,9.2,0,0,4788,70,70,0,0,0
42093,42093,GT144,Geothermal,Geothermal,0,50,100,500,0,0.9,1,1,1,1,1,0,0,0,0,30,30,0,0,0
42093,42093,NC144,Nuclear,Nuclear,0,1000,100,500,0.7,0.93,0.2,0.2,36,36,1,10.4,0,0,0,80,80,0,0,0
42093,42093,WD144,Onshore wind,Wind,0,100,2,2,0,1,1,1,1,1,1,0,0,0,0,30,30,0,0,0
42093,42093,SL144,Solar,Solar,0,50,10,49,0,1,1,1,1,1,1,0,0,0,0,30,30,0,0,0
42107,42107,CS145,Natural gas CCS,Natural gas,0,700,100,500,0,1,1,1,7,5,0,7.54,1,0,0,55,55,0,0,0
42107,42107,CC145,Natural gas CC,Natural gas,0,700,100,500,0,1,1,1,7,5,0,7.54,1,0,0,55,55,0,0,0
42107,42107,CT145,Natural gas CT,Natural gas,0,100,100,500,0,0.8,1,1,2,1,0,10.98,1,0,0,55,55,0,0,0
42107,42107,CL145,Coal IGCC,Coal,0.37,600,100,500,0,0.85,1,1,7,5,0,9.2,0,0,4788,70,70,0,0,0
42107,42107,PT145,Petroleum CT,Petroleum,0.11,100,100,500,0,0.8,1,1,2,1,0,10.98,0,0,0,55,55,0,0,0
42107,42107,GT145,Geothermal,Geothermal,0,50,100,500,0,0.9,1,1,1,1,1,0,0,0,0,30,30,0,0,0
42107,42107,NC145,Nuclear,Nuclear,0,1000,100,500,0.7,0.93,0.2,0.2,36,36,1,10.4,0,0,0,80,80,0,0,0
42107,42107,WD145,Onshore wind,Wind,1.28,100,5,19,0,1,1,1,1,1,1,0,0,0,0,30,30,0,0,0
42107,42107,SL145,Solar,Solar,0.02,50,10,335,0,1,1,1,1,1,1,0,0,0,0,30,30,0,0,0
36121,36121,CS146,Natural gas CCS,Natural gas,0,700,100,500,0,1,1,1,7,5,0,7.54,1,0,0,55,55,0,0,0
36121,36121,CC146,Natural gas CC,Natural gas,0.08,700,100,500,0,1,1,1,7,5,0,7.54,1,0,0,55,55,0,0,0
36121,36121,CT146,Natural gas CT,Natural gas,0,100,100,500,0,0.8,1,1,2,1,0,10.98,1,0,0,55,55,0,0,0
36121,36121,GT146,Geothermal,Geothermal,0,50,100,500,0,0.9,1,1,1,1,1,0,0,0,0,30,30,0,0,0
36121,36121,NC146,Nuclear,Nuclear,0,1000,100,500,0.7,0.93,0.2,0.2,36,36,1,10.4,0,0,0,80,80,0,0,0
36121,36121,WD146,Onshore wind,Wind,4.4,100,5,25,0,1,1,1,1,1,1,0,0,0,0,30,30,0,0,0
36121,36121,SL146,Solar,Solar,0.28,50,10,286,0,1,1,1,1,1,1,0,0,0,0,30,30,0,0,0
42065,42065,CS147,Natural gas CCS,Natural gas,0,700,100,500,0,1,1,1,7,5,0,7.54,1,0,0,55,55,0,0,0
42065,42065,CC147,Natural gas CC,Natural gas,0,700,100,500,0,1,1,1,7,5,0,7.54,1,0,0,55,55,0,0,0
42065,42065,CT147,Natural gas CT,Natural gas,0,100,100,500,0,0.8,1,1,2,1,0,10.98,1,0,0,55,55,0,0,0
42065,42065,GT147,Geothermal,Geothermal,0,50,100,500,0,0.9,1,1,1,1,1,0,0,0,0,30,30,0,0,0
42065,42065,NC147,Nuclear,Nuclear,0,1000,100,500,0.7,0.93,0.2,0.2,36,36,1,10.4,0,0,0,80,80,0,0,0
42065,42065,WD147,Onshore wind,Wind,0,100,5,24,0,1,1,1,1,1,1,0,0,0,0,30,30,0,0,0
42065,42065,SL147,Solar,Solar,0,50,10,323,0,1,1,1,1,1,1,0,0,0,0,30,30,0,0,0
42047,42047,CS148,Natural gas CCS,Natural gas,0,700,100,500,0,1,1,1,7,5,0,7.54,1,0,0,55,55,0,0,0
42047,42047,CC148,Natural gas CC,Natural gas,0,700,100,500,0,1,1,1,7,5,0,7.54,1,0,0,55,55,0,0,0
42047,42047,CT148,Natural gas CT,Natural gas,0,100,100,500,0,0.8,1,1,2,1,0,10.98,1,0,0,55,55,0,0,0
42047,42047,GT148,Geothermal,Geothermal,0,50,100,500,0,0.9,1,1,1,1,1,0,0,0,0,30,30,0,0,0
42047,42047,BP148,Biopower,Biomass,0.54,100,100,500,0,0.84,1,1,1,1,1,14.5,0,0,0,45,45,0,0,0
42047,42047,NC148,Nuclear,Nuclear,0,1000,100,500,0.7,0.93,0.2,0.2,36,36,1,10.4,0,0,0,80,80,0,0,0
42047,42047,WD148,Onshore wind,Wind,0,100,5,35,0,1,1,1,1,1,1,0,0,0,0,30,30,0,0,0
42047,42047,SL148,Solar,Solar,0,50,10,501,0,1,1,1,1,1,1,0,0,0,0,30,30,0,0,0
42069,42069,CS149,Natural gas CCS,Natural gas,0,700,100,500,0,1,1,1,7,5,0,7.54,1,0,0,55,55,0,0,0
42069,42069,CC149,Natural gas CC,Natural gas,2.17,700,100,500,0,1,1,1,7,5,0,7.54,1,0,0,55,55,0,0,0
42069,42069,CT149,Natural gas CT,Natural gas,0.6,100,100,500,0,0.8,1,1,2,1,0,10.98,1,0,0,55,55,0,0,0
42069,42069,PT149,Petroleum CT,Petroleum,0.05,100,100,500,0,0.8,1,1,2,1,0,10.98,0,0,0,55,55,0,0,0
42069,42069,GT149,Geothermal,Geothermal,0,50,100,500,0,0.9,1,1,1,1,1,0,0,0,0,30,30,0,0,0
42069,42069,BP149,Biopower,Biomass,0.09,100,100,500,0,0.84,1,1,1,1,1,14.5,0,0,0,45,45,0,0,0
42069,42069,NC149,Nuclear,Nuclear,0,1000,100,500,0.7,0.93,0.2,0.2,36,36,1,10.4,0,0,0,80,80,0,0,0
42069,42069,WD149,Onshore wind,Wind,0,100,5,11,0,1,1,1,1,1,1,0,0,0,0,30,30,0,0,0
42069,42069,SL149,Solar,Solar,0,50,10,202,0,1,1,1,1,1,1,0,0,0,0,30,30,0,0,0
42041,42041,CS150,Natural gas CCS,Natural gas,0,700,100,500,0,1,1,1,7,5,0,7.54,1,0,0,55,55,0,0,0
42041,42041,CC150,Natural gas CC,Natural gas,0,700,100,500,0,1,1,1,7,5,0,7.54,1,0,0,55,55,0,0,0
42041,42041,CT150,Natural gas CT,Natural gas,0,100,100,500,0,0.8,1,1,2,1,0,10.98,1,0,0,55,55,0,0,0
42041,42041,PT150,Petroleum CT,Petroleum,0.54,100,100,500,0,0.8,1,1,2,1,0,10.98,0,0,0,55,55,0,0,0
42041,42041,GT150,Geothermal,Geothermal,0,50,100,500,0,0.9,1,1,1,1,1,0,0,0,0,30,30,0,0,0
42041,42041,BP150,Biopower,Biomass,0.06,100,100,500,0,0.84,1,1,1,1,1,14.5,0,0,0,45,45,0,0,0
42041,42041,NC150,Nuclear,Nuclear,0,1000,100,500,0.7,0.93,0.2,0.2,36,36,1,10.4,0,0,0,80,80,0,0,0
42041,42041,WD150,Onshore wind,Wind,0,100,5,14,0,1,1,1,1,1,1,0,0,0,0,30,30,0,0,0
42041,42041,SL150,Solar,Solar,0.15,50,10,173,0,1,1,1,1,1,1,0,0,0,0,30,30,0,0,0
42007,42007,CS151,Natural gas CCS,Natural gas,0,700,100,500,0,1,1,1,7,5,0,7.54,1,0,0,55,55,0,0,0
42007,42007,CC151,Natural gas CC,Natural gas,0.44,700,100,500,0,1,1,1,7,5,0,7.54,1,0,0,55,55,0,0,0
42007,42007,CT151,Natural gas CT,Natural gas,0,100,100,500,0,0.8,1,1,2,1,0,10.98,1,0,0,55,55,0,0,0
42007,42007,GT151,Geothermal,Geothermal,0,50,100,500,0,0.9,1,1,1,1,1,0,0,0,0,30,30,0,0,0
42007,42007,NC151,Nuclear,Nuclear,1.85,1000,100,500,0.7,0.93,0.2,0.2,36,36,1,10.4,0,0,0,80,80,0,0,0
42007,42007,HD151,Hydro,Hydro,0.06,100,0,500,0,1,1,1,1,1,1,0,0,0,0,100,100,0,0,0
42007,42007,WD151,Onshore wind,Wind,0,100,3,3,0,1,1,1,1,1,1,0,0,0,0,30,30,0,0,0
42007,42007,SL151,Solar,Solar,1.11,50,10,174,0,1,1,1,1,1,1,0,0,0,0,30,30,0,0,0
36015,36015,CS152,Natural gas CCS,Natural gas,0,700,100,500,0,1,1,1,7,5,0,7.54,1,0,0,55,55,0,0,0
36015,36015,CC152,Natural gas CC,Natural gas,0,700,100,500,0,1,1,1,7,5,0,7.54,1,0,0,55,55,0,0,0
36015,36015,CT152,Natural gas CT,Natural gas,0,100,100,500,0,0.8,1,1,2,1,0,10.98,1,0,0,55,55,0,0,0
36015,36015,GT152,Geothermal,Geothermal,0,50,100,500,0,0.9,1,1,1,1,1,0,0,0,0,30,30,0,0,0
36015,36015,NC152,Nuclear,Nuclear,0,1000,100,500,0.7,0.93,0.2,0.2,36,36,1,10.4,0,0,0,80,80,0,0,0
36015,36015,WD152,Onshore wind,Wind,0,100,5,17,0,1,1,1,1,1,1,0,0,0,0,30,30,0,0,0
36015,36015,SL152,Solar,Solar,0.35,50,10,122,0,1,1,1,1,1,1,0,0,0,0,30,30,0,0,0
36117,36117,CS153,Natural gas CCS,Natural gas,0,700,100,500,0,1,1,1,7,5,0,7.54,1,0,0,55,55,0,0,0
36117,36117,CC153,Natural gas CC,Natural gas,0,700,100,500,0,1,1,1,7,5,0,7.54,1,0,0,55,55,0,0,0
36117,36117,CT153,Natural gas CT,Natural gas,0,100,100,500,0,0.8,1,1,2,1,0,10.98,1,0,0,55,55,0,0,0
36117,36117,GT153,Geothermal,Geothermal,0,50,100,500,0,0.9,1,1,1,1,1,0,0,0,0,30,30,0,0,0
36117,36117,NC153,Nuclear,Nuclear,0.61,1000,100,500,0.7,0.93,0.2,0.2,36,36,1,10.4,0,0,0,80,80,0,0,0
36117,36117,WD153,Onshore wind,Wind,0.01,100,5,21,0,1,1,1,1,1,1,0,0,0,0,30,30,0,0,0
36117,36117,SL153,Solar,Solar,0.36,50,10,212,0,1,1,1,1,1,1,0,0,0,0,30,30,0,0,0
36011,36011,CS154,Natural gas CCS,Natural gas,0,700,100,500,0,1,1,1,7,5,0,7.54,1,0,0,55,55,0,0,0
36011,36011,CC154,Natural gas CC,Natural gas,0,700,100,500,0,1,1,1,7,5,0,7.54,1,0,0,55,55,0,0,0
36011,36011,CT154,Natural gas CT,Natural gas,0,100,100,500,0,0.8,1,1,2,1,0,10.98,1,0,0,55,55,0,0,0
36011,36011,GT154,Geothermal,Geothermal,0,50,100,500,0,0.9,1,1,1,1,1,0,0,0,0,30,30,0,0,0
36011,36011,NC154,Nuclear,Nuclear,0,1000,100,500,0.7,0.93,0.2,0.2,36,36,1,10.4,0,0,0,80,80,0,0,0
36011,36011,HD154,Hydro,Hydro,0.02,100,0,500,0,1,1,1,1,1,1,0,0,0,0,100,100,0,0,0
36011,36011,WD154,Onshore wind,Wind,0,100,5,28,0,1,1,1,1,1,1,0,0,0,0,30,30,0,0,0
36011,36011,SL154,Solar,Solar,0.37,50,10,178,0,1,1,1,1,1,1,0,0,0,0,30,30,0,0,0
9150,9150,CS155,Natural gas CCS,Natural gas,0,700,100,500,0,1,1,1,7,5,0,7.54,1,0,0,55,55,0,0,0
9150,9150,CC155,Natural gas CC,Natural gas,1.2,700,100,500,0,1,1,1,7,5,0,7.54,1,0,0,55,55,0,0,0
9150,9150,CT155,Natural gas CT,Natural gas,0.05,100,100,500,0,0.8,1,1,2,1,0,10.98,1,0,0,55,55,0,0,0
9150,9150,GT155,Geothermal,Geothermal,0,50,100,500,0,0.9,1,1,1,1,1,0,0,0,0,30,30,0,0,0
9150,9150,BP155,Biopower,Biomass,0.43,100,100,500,0,0.84,1,1,1,1,1,14.5,0,0,0,45,45,0,0,0
9150,9150,NC155,Nuclear,Nuclear,0,1000,100,500,0.7,0.93,0.2,0.2,36,36,1,10.4,0,0,0,80,80,0,0,0
9150,9150,HD155,Hydro,Hydro,0.02,100,0,500,0,1,1,1,1,1,1,0,0,0,0,100,100,0,0,0
9150,9150,WD155,Onshore wind,Wind,0,100,5,21,0,1,1,1,1,1,1,0,0,0,0,30,30,0,0,0
9150,9150,SL155,Solar,Solar,1.56,50,10,374,0,1,1,1,1,1,1,0,0,0,0,30,30,0,0,0
36095,36095,CS156,Natural gas CCS,Natural gas,0,700,100,500,0,1,1,1,7,5,0,7.54,1,0,0,55,55,0,0,0
36095,36095,CC156,Natural gas CC,Natural gas,0,700,100,500,0,1,1,1,7,5,0,7.54,1,0,0,55,55,0,0,0
36095,36095,CT156,Natural gas CT,Natural gas,0,100,100,500,0,0.8,1,1,2,1,0,10.98,1,0,0,55,55,0,0,0
36095,36095,GT156,Geothermal,Geothermal,0,50,100,500,0,0.9,1,1,1,1,1,0,0,0,0,30,30,0,0,0
36095,36095,NC156,Nuclear,Nuclear,0,1000,100,500,0.7,0.93,0.2,0.2,36,36,1,10.4,0,0,0,80,80,0,0,0
36095,36095,WD156,Onshore wind,Wind,0,100,5,16,0,1,1,1,1,1,1,0,0,0,0,30,30,0,0,0
36095,36095,SL156,Solar,Solar,0.04,50,10,271,0,1,1,1,1,1,1,0,0,0,0,30,30,0,0,0
36099,36099,CS157,Natural gas CCS,Natural gas,0,700,100,500,0,1,1,1,7,5,0,7.54,1,0,0,55,55,0,0,0
36099,36099,CC157,Natural gas CC,Natural gas,0,700,100,500,0,1,1,1,7,5,0,7.54,1,0,0,55,55,0,0,0
36099,36099,CT157,Natural gas CT,Natural gas,0,100,100,500,0,0.8,1,1,2,1,0,10.98,1,0,0,55,55,0,0,0
36099,36099,GT157,Geothermal,Geothermal,0,50,100,500,0,0.9,1,1,1,1,1,0,0,0,0,30,30,0,0,0
36099,36099,BP157,Biopower,Biomass,0.18,100,100,500,0,0.84,1,1,1,1,1,14.5,0,0,0,45,45,0,0,0
36099,36099,NC157,Nuclear,Nuclear,0,1000,100,500,0.7,0.93,0.2,0.2,36,36,1,10.4,0,0,0,80,80,0,0,0
36099,36099,HD157,Hydro,Hydro,0.07,100,0,500,0,1,1,1,1,1,1,0,0,0,0,100,100,0,0,0
36099,36099,WD157,Onshore wind,Wind,0,100,5,15,0,1,1,1,1,1,1,0,0,0,0,30,30,0,0,0
36099,36099,SL157,Solar,Solar,0.18,50,10,92,0,1,1,1,1,1,1,0,0,0,0,30,30,0,0,0
36037,36037,CS158,Natural gas CCS,Natural gas,0,700,100,500,0,1,1,1,7,5,0,7.54,1,0,0,55,55,0,0,0
36037,36037,CC158,Natural gas CC,Natural gas,0.09,700,100,500,0,1,1,1,7,5,0,7.54,1,0,0,55,55,0,0,0
36037,36037,CT158,Natural gas CT,Natural gas,0.06,100,100,500,0,0.8,1,1,2,1,0,10.98,1,0,0,55,55,0,0,0
36037,36037,GT158,Geothermal,Geothermal,0,50,100,500,0,0.9,1,1,1,1,1,0,0,0,0,30,30,0,0,0
36037,36037,NC158,Nuclear,Nuclear,0,1000,100,500,0.7,0.93,0.2,0.2,36,36,1,10.4,0,0,0,80,80,0,0,0
36037,36037,WD158,Onshore wind,Wind,0,100,5,20,0,1,1,1,1,1,1,0,0,0,0,30,30,0,0,0
36037,36037,SL158,Solar,Solar,0.76,50,10,149,0,1,1,1,1,1,1,0,0,0,0,30,30,0,0,0
42057,42057,CS159,Natural gas CCS,Natural gas,0,700,100,500,0,1,1,1,7,5,0,7.54,1,0,0,55,55,0,0,0
42057,42057,CC159,Natural gas CC,Natural gas,0,700,100,500,0,1,1,1,7,5,0,7.54,1,0,0,55,55,0,0,0
42057,42057,CT159,Natural gas CT,Natural gas,0,100,100,500,0,0.8,1,1,2,1,0,10.98,1,0,0,55,55,0,0,0
42057,42057,GT159,Geothermal,Geothermal,0,50,100,500,0,0.9,1,1,1,1,1,0,0,0,0,30,30,0,0,0
42057,42057,NC159,Nuclear,Nuclear,0,1000,100,500,0.7,0.93,0.2,0.2,36,36,1,10.4,0,0,0,80,80,0,0,0
42057,42057,WD159,Onshore wind,Wind,0,100,5,15,0,1,1,1,1,1,1,0,0,0,0,30,30,0,0,0
42057,42057,SL159,Solar,Solar,1.4,50,10,212,0,1,1,1,1,1,1,0,0,0,0,30,30,0,0,0
42039,42039,CS160,Natural gas CCS,Natural gas,0,700,100,500,0,1,1,1,7,5,0,7.54,1,0,0,55,55,0,0,0
42039,42039,CC160,Natural gas CC,Natural gas,0,700,100,500,0,1,1,1,7,5,0,7.54,1,0,0,55,55,0,0,0
42039,42039,CT160,Natural gas CT,Natural gas,0,100,100,500,0,0.8,1,1,2,1,0,10.98,1,0,0,55,55,0,0,0
42039,42039,GT160,Geothermal,Geothermal,0,50,100,500,0,0.9,1,1,1,1,1,0,0,0,0,30,30,0,0,0
42039,42039,NC160,Nuclear,Nuclear,0,1000,100,500,0.7,0.93,0.2,0.2,36,36,1,10.4,0,0,0,80,80,0,0,0
42039,42039,WD160,Onshore wind,Wind,0,100,5,41,0,1,1,1,1,1,1,0,0,0,0,30,30,0,0,0
42039,42039,SL160,Solar,Solar,0,50,10,656,0,1,1,1,1,1,1,0,0,0,0,30,30,0,0,0
36039,36039,CS161,Natural gas CCS,Natural gas,0,700,100,500,0,1,1,1,7,5,0,7.54,1,0,0,55,55,0,0,0
36039,36039,CC161,Natural gas CC,Natural gas,1.75,700,100,500,0,1,1,1,7,5,0,7.54,1,0,0,55,55,0,0,0
36039,36039,CT161,Natural gas CT,Natural gas,0.21,100,100,500,0,0.8,1,1,2,1,0,10.98,1,0,0,55,55,0,0,0
36039,36039,PT161,Petroleum CT,Petroleum,0.21,100,100,500,0,0.8,1,1,2,1,0,10.98,0,0,0,55,55,0,0,0
36039,36039,GT161,Geothermal,Geothermal,0,50,100,500,0,0.9,1,1,1,1,1,0,0,0,0,30,30,0,0,0
36039,36039,NC161,Nuclear,Nuclear,0,1000,100,500,0.7,0.93,0.2,0.2,36,36,1,10.4,0,0,0,80,80,0,0,0
36039,36039,HD161,Hydro,Hydro,0.01,100,0,500,0,1,1,1,1,1,1,0,0,0,0,100,100,0,0,0
36039,36039,WD161,Onshore wind,Wind,0,100,5,23,0,1,1,1,1,1,1,0,0,0,0,30,30,0,0,0
36039,36039,SL161,Solar,Solar,0.42,50,10,247,0,1,1,1,1,1,1,0,0,0,0,30,30,0,0,0
42079,42079,CS162,Natural gas CCS,Natural gas,0,700,100,500,0,1,1,1,7,5,0,7.54,1,0,0,55,55,0,0,0
42079,42079,CC162,Natural gas CC,Natural gas,1.79,700,100,500,0,1,1,1,7,5,0,7.54,1,0,0,55,55,0,0,0
42079,42079,CT162,Natural gas CT,Natural gas,0.44,100,100,500,0,0.8,1,1,2,1,0,10.98,1,0,0,55,55,0,0,0
42079,42079,GT162,Geothermal,Geothermal,0,50,100,500,0,0.9,1,1,1,1,1,0,0,0,0,30,30,0,0,0
42079,42079,NC162,Nuclear,Nuclear,2.53,1000,100,500,0.7,0.93,0.2,0.2,36,36,1,10.4,0,0,0,80,80,0,0,0
42079,42079,WD162,Onshore wind,Wind,0.24,100,5,20,0,1,1,1,1,1,1,0,0,0,0,30,30,0,0,0
42079,42079,SL162,Solar,Solar,0.04,50,10,281,0,1,1,1,1,1,1,0,0,0,0,30,30,0,0,0
42081,42081,CS163,Natural gas CCS,Natural gas,0,700,100,500,0,1,1,1,7,5,0,7.54,1,0,0,55,55,0,0,0
42081,42081,CC163,Natural gas CC,Natural gas,1.24,700,100,500,0,1,1,1,7,5,0,7.54,1,0,0,55,55,0,0,0
42081,42081,CT163,Natural gas CT,Natural gas,0,100,100,500,0,0.8,1,1,2,1,0,10.98,1,0,0,55,55,0,0,0
42081,42081,GT163,Geothermal,Geothermal,0,50,100,500,0,0.9,1,1,1,1,1,0,0,0,0,30,30,0,0,0
42081,42081,BP163,Biopower,Biomass,0.06,100,100,500,0,0.84,1,1,1,1,1,14.5,0,0,0,45,45,0,0,0
42081,42081,NC163,Nuclear,Nuclear,0,1000,100,500,0.7,0.93,0.2,0.2,36,36,1,10.4,0,0,0,80,80,0,0,0
42081,42081,WD163,Onshore wind,Wind,0.69,100,5,31,0,1,1,1,1,1,1,0,0,0,0,30,30,0,0,0
42081,42081,SL163,Solar,Solar,0,50,10,414,0,1,1,1,1,1,1,0,0,0,0,30,30,0,0,0
42075,42075,CS164,Natural gas CCS,Natural gas,0,700,100,500,0,1,1,1,7,5,0,7.54,1,0,0,55,55,0,0,0
42075,42075,CC164,Natural gas CC,Natural gas,1.11,700,100,500,0,1,1,1,7,5,0,7.54,1,0,0,55,55,0,0,0
42075,42075,CT164,Natural gas CT,Natural gas,0,100,100,500,0,0.8,1,1,2,1,0,10.98,1,0,0,55,55,0,0,0
42075,42075,GT164,Geothermal,Geothermal,0,50,100,500,0,0.9,1,1,1,1,1,0,0,0,0,30,30,0,0,0
42075,42075,BP164,Biopower,Biomass,0.03,100,100,500,0,0.84,1,1,1,1,1,14.5,0,0,0,45,45,0,0,0
42075,42075,NC164,Nuclear,Nuclear,0,1000,100,500,0.7,0.93,0.2,0.2,36,36,1,10.4,0,0,0,80,80,0,0,0
42075,42075,WD164,Onshore wind,Wind,0,100,5,9,0,1,1,1,1,1,1,0,0,0,0,30,30,0,0,0
42075,42075,SL164,Solar,Solar,0.06,50,10,107,0,1,1,1,1,1,1,0,0,0,0,30,30,0,0,0
42019,42019,CS165,Natural gas CCS,Natural gas,0,700,100,500,0,1,1,1,7,5,0,7.54,1,0,0,55,55,0,0,0
42019,42019,CC165,Natural gas CC,Natural gas,0,700,100,500,0,1,1,1,7,5,0,7.54,1,0,0,55,55,0,0,0
42019,42019,CT165,Natural gas CT,Natural gas,0,100,100,500,0,0.8,1,1,2,1,0,10.98,1,0,0,55,55,0,0,0
42019,42019,GT165,Geothermal,Geothermal,0,50,100,500,0,0.9,1,1,1,1,1,0,0,0,0,30,30,0,0,0
42019,42019,NC165,Nuclear,Nuclear,0,1000,100,500,0.7,0.93,0.2,0.2,36,36,1,10.4,0,0,0,80,80,0,0,0
42019,42019,WD165,Onshore wind,Wind,0,100,2,2,0,1,1,1,1,1,1,0,0,0,0,30,30,0,0,0
42019,42019,SL165,Solar,Solar,0,50,10,320,0,1,1,1,1,1,1,0,0,0,0,30,30,0,0,0
42021,42021,CS166,Natural gas CCS,Natural gas,0,700,100,500,0,1,1,1,7,5,0,7.54,1,0,0,55,55,0,0,0
42021,42021,CC166,Natural gas CC,Natural gas,1.71,700,100,500,0,1,1,1,7,5,0,7.54,1,0,0,55,55,0,0,0
42021,42021,CT166,Natural gas CT,Natural gas,0,100,100,500,0,0.8,1,1,2,1,0,10.98,1,0,0,55,55,0,0,0
42021,42021,CL166,Coal IGCC,Coal,0.29,600,100,500,0,0.85,1,1,7,5,0,9.2,0,0,4788,70,70,0,0,0
42021,42021,GT166,Geothermal,Geothermal,0,50,100,500,0,0.9,1,1,1,1,1,0,0,0,0,30,30,0,0,0
42021,42021,NC166,Nuclear,Nuclear,0,1000,100,500,0.7,0.93,0.2,0.2,36,36,1,10.4,0,0,0,80,80,0,0,0
42021,42021,WD166,Onshore wind,Wind,2.48,100,5,17,0,1,1,1,1,1,1,0,0,0,0,30,30,0,0,0
42021,42021,SL166,Solar,Solar,2,50,10,308,0,1,1,1,1,1,1,0,0,0,0,30,30,0,0,0
34037,34037,CS167,Natural gas CCS,Natural gas,0,700,100,500,0,1,1,1,7,5,0,7.54,1,0,0,55,55,0,0,0
34037,34037,CC167,Natural gas CC,Natural gas,0,700,100,500,0,1,1,1,7,5,0,7.54,1,0,0,55,55,0,0,0
34037,34037,CT167,Natural gas CT,Natural gas,0,100,100,500,0,0.8,1,1,2,1,0,10.98,1,0,0,55,55,0,0,0
34037,34037,GT167,Geothermal,Geothermal,0,50,100,500,0,0.9,1,1,1,1,1,0,0,0,0,30,30,0,0,0
34037,34037,NC167,Nuclear,Nuclear,0,1000,100,500,0.7,0.93,0.2,0.2,36,36,1,10.4,0,0,0,80,80,0,0,0
34037,34037,WD167,Onshore wind,Wind,0,100,5,5,0,1,1,1,1,1,1,0,0,0,0,30,30,0,0,0
34037,34037,SL167,Solar,Solar,0.68,50,10,187,0,1,1,1,1,1,1,0,0,0,0,30,30,0,0,0
42121,42121,CS168,Natural gas CCS,Natural gas,0,700,100,500,0,1,1,1,7,5,0,7.54,1,0,0,55,55,0,0,0
42121,42121,CC168,Natural gas CC,Natural gas,0,700,100,500,0,1,1,1,7,5,0,7.54,1,0,0,55,55,0,0,0
42121,42121,CT168,Natural gas CT,Natural gas,2.94,100,100,500,0,0.8,1,1,2,1,0,10.98,1,0,0,55,55,0,0,0
42121,42121,CL168,Coal IGCC,Coal,0.16,600,100,500,0,0.85,1,1,7,5,0,9.2,0,0,4788,70,70,0,0,0
42121,42121,GT168,Geothermal,Geothermal,0,50,100,500,0,0.9,1,1,1,1,1,0,0,0,0,30,30,0,0,0
42121,42121,NC168,Nuclear,Nuclear,0,1000,100,500,0.7,0.93,0.2,0.2,36,36,1,10.4,0,0,0,80,80,0,0,0
42121,42121,WD168,Onshore wind,Wind,0,100,5,27,0,1,1,1,1,1,1,0,0,0,0,30,30,0,0,0
42121,42121,SL168,Solar,Solar,0,50,10,417,0,1,1,1,1,1,1,0,0,0,0,30,30,0,0,0
44009,44009,CS169,Natural gas CCS,Natural gas,0,700,100,500,0,1,1,1,7,5,0,7.54,1,0,0,55,55,0,0,0
44009,44009,CC169,Natural gas CC,Natural gas,0,700,100,500,0,1,1,1,7,5,0,7.54,1,0,0,55,55,0,0,0
44009,44009,CT169,Natural gas CT,Natural gas,0.2,100,100,500,0,0.8,1,1,2,1,0,10.98,1,0,0,55,55,0,0,0
44009,44009,GT169,Geothermal,Geothermal,0,50,100,500,0,0.9,1,1,1,1,1,0,0,0,0,30,30,0,0,0
44009,44009,NC169,Nuclear,Nuclear,0,1000,100,500,0.7,0.93,0.2,0.2,36,36,1,10.4,0,0,0,80,80,0,0,0
44009,44009,WD169,Onshore wind,Wind,0.02,100,5,6,0,1,1,1,1,1,1,0,0,0,0,30,30,0,0,0
44009,44009,SL169,Solar,Solar,2,50,10,141,0,1,1,1,1,1,1,0,0,0,0,30,30,0,0,0
25021,25021,CS170,Natural gas CCS,Natural gas,0,700,100,500,0,1,1,1,7,5,0,7.54,1,0,0,55,55,0,0,0
25021,25021,CC170,Natural gas CC,Natural gas,2.63,700,100,500,0,1,1,1,7,5,0,7.54,1,0,0,55,55,0,0,0
25021,25021,CT170,Natural gas CT,Natural gas,3.83,100,100,500,0,0.8,1,1,2,1,0,10.98,1,0,0,55,55,0,0,0
25021,25021,PT170,Petroleum CT,Petroleum,1.35,100,100,500,0,0.8,1,1,2,1,0,10.98,0,0,0,55,55,0,0,0
25021,25021,GT170,Geothermal,Geothermal,0,50,100,500,0,0.9,1,1,1,1,1,0,0,0,0,30,30,0,0,0
25021,25021,NC170,Nuclear,Nuclear,0,1000,100,500,0.7,0.93,0.2,0.2,36,36,1,10.4,0,0,0,80,80,0,0,0
25021,25021,WD170,Onshore wind,Wind,0,100,0,0,0,1,1,1,1,1,1,0,0,0,0,30,30,0,0,0
25021,25021,SL170,Solar,Solar,1.24,50,10,87,0,1,1,1,1,1,1,0,0,0,0,30,30,0,0,0
36089,36089,CS171,Natural gas CCS,Natural gas,0,700,100,500,0,1,1,1,7,5,0,7.54,1,0,0,55,55,0,0,0
36089,36089,CC171,Natural gas CC,Natural gas,0.15,700,100,500,0,1,1,1,7,5,0,7.54,1,0,0,55,55,0,0,0
36089,36089,CT171,Natural gas CT,Natural gas,0,100,100,500,0,0.8,1,1,2,1,0,10.98,1,0,0,55,55,0,0,0
36089,36089,GT171,Geothermal,Geothermal,0,50,100,500,0,0.9,1,1,1,1,1,0,0,0,0,30,30,0,0,0
36089,36089,NC171,Nuclear,Nuclear,0,1000,100,500,0.7,0.93,0.2,0.2,36,36,1,10.4,0,0,0,80,80,0,0,0
36089,36089,HD171,Hydro,Hydro,10.98,100,0,500,0,1,1,1,1,1,1,0,0,0,0,100,100,0,0,0
36089,36089,WD171,Onshore wind,Wind,0,100,5,126,0,1,1,1,1,1,1,0,0,0,0,30,30,0,0,0
36089,36089,SL171,Solar,Solar,0.85,50,10,1832,0,1,1,1,1,1,1,0,0,0,0,30,30,0,0,0
42109,42109,CS172,Natural gas CCS,Natural gas,0,700,100,500,0,1,1,1,7,5,0,7.54,1,0,0,55,55,0,0,0
42109,42109,CC172,Natural gas CC,Natural gas,1.71,700,100,500,0,1,1,1,7,5,0,7.54,1,0,0,55,55,0,0,0
42109,42109,CT172,Natural gas CT,Natural gas,0,100,100,500,0,0.8,1,1,2,1,0,10.98,1,0,0,55,55,0,0,0
42109,42109,GT172,Geothermal,Geothermal,0,50,100,500,0,0.9,1,1,1,1,1,0,0,0,0,30,30,0,0,0
42109,42109,NC172,Nuclear,Nuclear,0,1000,100,500,0.7,0.93,0.2,0.2,36,36,1,10.4,0,0,0,80,80,0,0,0
42109,42109,WD172,Onshore wind,Wind,0,100,4,4,0,1,1,1,1,1,1,0,0,0,0,30,30,0,0,0
42109,42109,SL172,Solar,Solar,0.06,50,10,82,0,1,1,1,1,1,1,0,0,0,0,30,30,0,0,0
42001,42001,CS173,Natural gas CCS,Natural gas,0,700,100,500,0,1,1,1,7,5,0,7.54,1,0,0,55,55,0,0,0
42001,42001,CC173,Natural gas CC,Natural gas,1.28,700,100,500,0,1,1,1,7,5,0,7.54,1,0,0,55,55,0,0,0
42001,42001,CT173,Natural gas CT,Natural gas,0.6,100,100,500,0,0.8,1,1,2,1,0,10.98,1,0,0,55,55,0,0,0
42001,42001,PT173,Petroleum CT,Petroleum,0.47,100,100,500,0,0.8,1,1,2,1,0,10.98,0,0,0,55,55,0,0,0
42001,42001,GT173,Geothermal,Geothermal,0,50,100,500,0,0.9,1,1,1,1,1,0,0,0,0,30,30,0,0,0
42001,42001,NC173,Nuclear,Nuclear,0,1000,100,500,0.7,0.93,0.2,0.2,36,36,1,10.4,0,0,0,80,80,0,0,0
42001,42001,WD173,Onshore wind,Wind,0,100,5,14,0,1,1,1,1,1,1,0,0,0,0,30,30,0,0,0
42001,42001,SL173,Solar,Solar,1.6,50,10,152,0,1,1,1,1,1,1,0,0,0,0,30,30,0,0,0
25003,25003,CS174,Natural gas CCS,Natural gas,0,700,100,500,0,1,1,1,7,5,0,7.54,1,0,0,55,55,0,0,0
25003,25003,CC174,Natural gas CC,Natural gas,0.26,700,100,500,0,1,1,1,7,5,0,7.54,1,0,0,55,55,0,0,0
25003,25003,CT174,Natural gas CT,Natural gas,0,100,100,500,0,0.8,1,1,2,1,0,10.98,1,0,0,55,55,0,0,0
25003,25003,PT174,Petroleum CT,Petroleum,0.04,100,100,500,0,0.8,1,1,2,1,0,10.98,0,0,0,55,55,0,0,0
25003,25003,GT174,Geothermal,Geothermal,0,50,100,500,0,0.9,1,1,1,1,1,0,0,0,0,30,30,0,0,0
25003,25003,NC174,Nuclear,Nuclear,0,1000,100,500,0.7,0.93,0.2,0.2,36,36,1,10.4,0,0,0,80,80,0,0,0
25003,25003,HD174,Hydro,Hydro,0.29,100,0,500,0,1,1,1,1,1,1,0,0,0,0,100,100,0,0,0
25003,25003,WD174,Onshore wind,Wind,0.51,100,5,15,0,1,1,1,1,1,1,0,0,0,0,30,30,0,0,0
25003,25003,SL174,Solar,Solar,0.96,50,10,359,0,1,1,1,1,1,1,0,0,0,0,30,30,0,0,0
42025,42025,CS175,Natural gas CCS,Natural gas,0,700,100,500,0,1,1,1,7,5,0,7.54,1,0,0,55,55,0,0,0
42025,42025,CC175,Natural gas CC,Natural gas,0,700,100,500,0,1,1,1,7,5,0,7.54,1,0,0,55,55,0,0,0
42025,42025,CT175,Natural gas CT,Natural gas,0,100,100,500,0,0.8,1,1,2,1,0,10.98,1,0,0,55,55,0,0,0
42025,42025,CL175,Coal IGCC,Coal,0.16,600,100,500,0,0.85,1,1,7,5,0,9.2,0,0,4788,70,70,0,0,0
42025,42025,PT175,Petroleum CT,Petroleum,0.05,100,100,500,0,0.8,1,1,2,1,0,10.98,0,0,0,55,55,0,0,0
42025,42025,GT175,Geothermal,Geothermal,0,50,100,500,0,0.9,1,1,1,1,1,0,0,0,0,30,30,0,0,0
42025,42025,NC175,Nuclear,Nuclear,0,1000,100,500,0.7,0.93,0.2,0.2,36,36,1,10.4,0,0,0,80,80,0,0,0
42025,42025,WD175,Onshore wind,Wind,0,100,5,10,0,1,1,1,1,1,1,0,0,0,0,30,30,0,0,0
42025,42025,SL175,Solar,Solar,0.4,50,10,179,0,1,1,1,1,1,1,0,0,0,0,30,30,0,0,0
42131,42131,CS176,Natural gas CCS,Natural gas,0,700,100,500,0,1,1,1,7,5,0,7.54,1,0,0,55,55,0,0,0
42131,42131,CC176,Natural gas CC,Natural gas,0,700,100,500,0,1,1,1,7,5,0,7.54,1,0,0,55,55,0,0,0
42131,42131,CT176,Natural gas CT,Natural gas,1.4,100,100,500,0,0.8,1,1,2,1,0,10.98,1,0,0,55,55,0,0,0
42131,42131,GT176,Geothermal,Geothermal,0,50,100,500,0,0.9,1,1,1,1,1,0,0,0,0,30,30,0,0,0
42131,42131,NC176,Nuclear,Nuclear,0,1000,100,500,0.7,0.93,0.2,0.2,36,36,1,10.4,0,0,0,80,80,0,0,0
42131,42131,WD176,Onshore wind,Wind,1.41,100,5,15,0,1,1,1,1,1,1,0,0,0,0,30,30,0,0,0
42131,42131,SL176,Solar,Solar,0,50,10,120,0,1,1,1,1,1,1,0,0,0,0,30,30,0,0,0
36049,36049,CS177,Natural gas CCS,Natural gas,0,700,100,500,0,1,1,1,7,5,0,7.54,1,0,0,55,55,0,0,0
36049,36049,CC177,Natural gas CC,Natural gas,0.15,700,100,500,0,1,1,1,7,5,0,7.54,1,0,0,55,55,0,0,0
36049,36049,CT177,Natural gas CT,Natural gas,0,100,100,500,0,0.8,1,1,2,1,0,10.98,1,0,0,55,55,0,0,0
36049,36049,GT177,Geothermal,Geothermal,0,50,100,500,0,0.9,1,1,1,1,1,0,0,0,0,30,30,0,0,0
36049,36049,NC177,Nuclear,Nuclear,0,1000,100,500,0.7,0.93,0.2,0.2,36,36,1,10.4,0,0,0,80,80,0,0,0
36049,36049,HD177,Hydro,Hydro,0.77,100,0,500,0,1,1,1,1,1,1,0,0,0,0,100,100,0,0,0
36049,36049,WD177,Onshore wind,Wind,5.87,100,5,49,0,1,1,1,1,1,1,0,0,0,0,30,30,0,0,0
36049,36049,SL177,Solar,Solar,0.14,50,10,809,0,1,1,1,1,1,1,0,0,0,0,30,30,0,0,0